DEPTH(m),CALI,GR,RESS,RESD,DENSITY,NEUTRON,Depth_ft,PERM
1922.678,12.056,86.73,1.342,1.342,2.105,0.396,6308.0,0.2324
1922.831,12.064,79.598,1.256,1.257,2.105,0.381,6308.5,0.2324
1922.983,12.063,72.18,1.093,1.083,2.092,0.365,6309.0,572.4
1923.136,12.044,68.811,0.988,0.973,2.072,0.373,6309.5,749.911
1923.288,12.023,71.912,0.964,0.953,2.057,0.372,6310.0,927.986
1923.44,12.029,73.837,0.93,0.931,2.05,0.375,6310.5,1019.99
1923.593,12.071,73.915,0.924,0.933,2.05,0.35,6311.0,1020.43
1923.745,12.089,76.56,0.92,0.931,2.052,0.352,6311.5,993.452
1932.737,12.087,92.608,1.671,1.588,2.106,0.43,6341.0,0.2324
1932.889,12.019,88.486,1.373,1.296,2.107,0.414,6341.5,0.2324
1933.042,11.994,78.306,1.199,1.14,2.107,0.414,6342.0,0.2324
1933.194,11.984,73.611,1.093,1.043,2.101,0.394,6342.5,0.2324
1933.346,11.978,64.927,1.048,0.994,2.089,0.392,6343.0,0.2324
1933.499,11.975,67.271,0.998,0.942,2.076,0.402,6343.5,0.2324
1933.651,11.973,67.491,1.04,0.983,2.072,0.414,6344.0,0.2324
1933.804,11.981,74.271,1.108,1.042,2.081,0.41,6344.5,0.2324
1933.956,11.982,80.585,1.297,1.229,2.102,0.416,6345.0,0.2324
1934.108,12.002,84.702,1.539,1.475,2.126,0.404,6345.5,0.2324
1934.261,12.028,84.927,1.616,1.571,2.139,0.447,6346.0,0.2324
1934.413,12.008,81.267,1.335,1.29,2.133,0.435,6346.5,0.2324
1934.566,12.01,81.082,1.122,1.068,2.117,0.426,6347.0,0.2324
1934.718,12.037,85.257,1.094,1.037,2.11,0.431,6347.5,0.2324
1934.87,12.058,90.369,1.3,1.24,2.121,0.452,6348.0,0.2324
1935.023,12.079,91.565,1.667,1.619,2.14,0.445,6348.5,0.2324
1935.175,12.172,91.751,1.948,1.883,2.152,0.415,6349.0,0.2324
1935.328,12.274,92.178,2.001,1.895,2.155,0.407,6349.5,0.2324
1935.48,12.288,102.091,2.069,1.935,2.157,0.452,6350.0,0.2324
1935.632,12.253,100.566,2.115,1.973,2.163,0.468,6350.5,0.2324
1935.785,12.177,96.892,2.011,1.858,2.167,0.458,6351.0,0.2324
1935.937,12.147,91.643,1.892,1.741,2.166,0.421,6351.5,0.2324
1936.09,12.149,93.439,1.883,1.75,2.159,0.404,6352.0,0.2324
1936.242,12.114,95.375,1.918,1.806,2.147,0.412,6352.5,0.2324
1936.394,12.06,92.815,1.706,1.618,2.13,0.41,6353.0,0.2324
1936.547,12.033,88.979,1.421,1.335,2.114,0.42,6353.5,0.2324
1936.699,12.0,85.654,1.183,1.102,2.109,0.392,6354.0,0.2324
1936.852,11.954,82.166,1.194,1.119,2.122,0.429,6354.5,0.2324
1937.004,11.952,79.548,1.381,1.319,2.141,0.441,6355.0,0.2324
1937.156,11.962,80.735,1.537,1.477,2.151,0.456,6355.5,0.2324
1937.309,11.962,80.242,1.525,1.456,2.15,0.437,6356.0,0.2324
1937.461,11.955,78.647,1.515,1.456,2.147,0.43,6356.5,0.2324
1937.614,11.948,77.606,1.437,1.397,2.141,0.441,6357.0,0.2324
1937.766,11.944,74.191,1.315,1.297,2.128,0.444,6357.5,0.2324
1937.918,11.941,77.339,1.184,1.183,2.11,0.468,6358.0,0.2324
1938.071,11.949,77.378,1.111,1.121,2.095,0.437,6358.5,0.2324
1938.223,11.975,77.387,1.07,1.087,2.089,0.425,6359.0,0.2324
1938.376,11.998,75.793,1.026,1.043,2.091,0.473,6359.5,0.2324
1938.528,12.008,79.364,1.07,1.089,2.103,0.526,6360.0,0.2324
1938.68,11.996,83.485,1.251,1.302,2.123,0.5,6360.5,0.2324
1938.833,11.979,79.899,1.369,1.465,2.139,0.404,6361.0,0.2324
1938.985,11.966,64.747,1.269,1.361,2.136,0.35,6361.5,305.696
1939.138,11.921,57.032,1.051,1.12,2.113,0.368,6362.0,423.488
1939.29,11.878,52.202,0.879,0.942,2.085,0.359,6362.5,631.362
1939.442,11.867,58.235,0.793,0.848,2.069,0.4,6363.0,782.586
1939.595,11.868,66.488,0.807,0.869,2.072,0.393,6363.5,0.2324
1939.747,11.87,72.293,0.977,1.083,2.085,0.409,6364.0,0.2324
1939.9,11.872,74.135,1.129,1.287,2.091,0.427,6364.5,0.2324
1940.052,11.873,69.512,1.089,1.234,2.082,0.471,6365.0,0.2324
1940.204,11.873,64.126,0.978,1.096,2.06,0.475,6365.5,0.2324
1940.357,11.873,57.457,0.935,1.05,2.038,0.442,6366.0,1069.55
1940.509,11.875,55.372,0.851,0.949,2.024,0.377,6366.5,1069.55
1940.662,11.87,52.925,0.79,0.861,2.018,0.361,6367.0,1069.55
1940.814,11.854,54.098,0.809,0.882,2.021,0.342,6367.5,1069.55
1940.966,11.85,54.295,0.906,1.004,2.035,0.319,6368.0,1069.55
1941.119,11.849,57.052,0.964,1.062,2.057,0.291,6368.5,933.013
1941.271,11.848,57.3,0.941,1.008,2.079,0.315,6369.0,678.834
1941.424,11.848,58.138,0.903,0.951,2.089,0.366,6369.5,596.916
1941.576,11.85,58.946,0.878,0.923,2.074,0.4,6370.0,728.08
1941.728,11.863,57.788,0.872,0.921,2.042,0.375,6370.5,1069.55
1941.881,11.891,58.055,0.904,0.96,2.01,0.421,6371.0,1069.55
1942.033,11.899,56.207,0.924,0.976,2.0,0.405,6371.5,1069.55
1942.186,11.898,67.679,0.923,0.956,2.023,0.431,6372.0,1069.55
1942.338,12.049,75.989,1.04,1.062,2.075,0.426,6372.5,0.2324
1942.49,12.318,87.009,1.322,1.347,2.135,0.443,6373.0,0.2324
1942.643,12.772,87.752,1.848,1.892,2.178,0.467,6373.5,0.2324
1942.795,13.115,91.431,2.171,2.165,2.203,0.426,6374.0,0.2324
1942.948,12.678,86.66,2.21,2.114,2.217,0.403,6374.5,0.2324
1943.1,12.333,85.506,2.284,2.159,2.23,0.34,6375.0,117.733
1943.252,12.263,74.366,2.322,2.187,2.24,0.284,6375.5,1060.41
1943.405,12.182,67.129,2.373,2.245,2.246,0.275,6376.0,1028.6
1943.557,12.105,55.918,2.23,2.156,2.24,0.277,6376.5,1064.4
1943.71,12.09,50.548,1.711,1.647,2.218,0.287,6377.0,1195.8101
1943.862,12.029,44.243,1.249,1.176,2.189,0.308,6377.5,1396.67
1944.014,11.996,47.402,0.959,0.887,2.166,0.329,6378.0,1579.14
1944.167,12.084,55.879,0.946,0.87,2.156,0.37,6378.5,1671.58
1944.319,12.301,66.979,1.204,1.127,2.157,0.412,6379.0,117.733
1944.472,12.494,79.479,1.747,1.679,2.169,0.405,6379.5,117.733
1944.624,12.532,83.305,2.317,2.242,2.193,0.374,6380.0,117.733
1944.776,12.592,87.567,2.552,2.435,2.216,0.351,6380.5,117.733
1944.929,12.641,81.417,2.581,2.434,2.227,0.389,6381.0,117.733
1945.081,12.66,80.362,2.498,2.359,2.22,0.419,6381.5,117.733
1945.234,12.651,76.281,2.428,2.318,2.204,0.48,6382.0,117.733
1945.386,12.515,75.544,2.385,2.307,2.198,0.432,6382.5,117.733
1945.538,12.323,66.905,2.369,2.335,2.206,0.372,6383.0,117.733
1945.691,12.118,53.606,2.02,2.006,2.205,0.311,6383.5,1281.95
1945.843,11.958,43.87,1.462,1.426,2.178,0.303,6384.0,1483.8
1945.996,11.899,40.048,1.118,1.071,2.135,0.32,6384.5,1869.26
1946.148,11.897,35.931,0.951,0.908,2.104,0.333,6385.0,2203.1599
1946.3,11.932,37.732,0.872,0.831,2.095,0.336,6385.5,2316.2
1946.453,11.994,47.665,0.824,0.774,2.096,0.365,6386.0,2308.24
1946.605,12.066,63.796,0.926,0.862,2.098,0.404,6386.5,117.733
1957.121,12.299,83.291,0.921,0.88,2.102,0.398,6421.0,0.2324
1957.273,12.324,71.588,1.268,1.24,2.128,0.366,6421.5,342.818
1957.426,12.244,64.907,1.378,1.346,2.145,0.35,6422.0,271.478
1957.578,12.066,62.444,1.066,1.004,2.129,0.403,6422.5,336.725
1957.73,12.034,69.111,0.923,0.853,2.095,0.448,6423.0,549.075
1957.883,12.161,77.184,1.059,0.989,2.074,0.634,6423.5,0.2324
1958.035,12.233,88.1,1.35,1.28,2.081,0.593,6424.0,0.2324
1958.188,12.286,91.364,1.493,1.401,2.105,0.546,6424.5,0.2324
1971.446,12.576,100.369,1.84,1.704,2.113,0.592,6468.0,0.2324
1971.599,12.623,96.303,1.91,1.767,2.11,0.682,6468.5,0.2324
1971.751,12.57,90.214,1.958,1.814,2.094,0.633,6469.0,0.2324
1971.904,12.443,78.559,2.04,1.918,2.088,0.494,6469.5,0.2324
1972.056,12.374,66.719,1.895,1.814,2.096,0.414,6470.0,534.673
1972.208,12.245,59.573,1.437,1.366,2.097,0.36,6470.5,531.622
1972.361,12.171,59.881,1.069,1.0,2.08,0.357,6471.0,673.559
1972.513,12.172,62.668,0.93,0.865,2.069,0.368,6471.5,785.808
1972.666,12.186,69.809,1.037,0.979,2.077,0.378,6472.0,700.679
1972.818,12.19,75.435,1.187,1.135,2.093,0.428,6472.5,0.2324
1972.97,12.21,78.531,1.238,1.179,2.102,0.442,6473.0,0.2324
1973.123,12.247,86.047,1.274,1.196,2.107,0.555,6473.5,0.2324
2081.784,12.293,100.69,1.73,1.581,2.167,0.414,6830.0,0.2324
2081.936,12.229,94.735,1.683,1.537,2.154,0.441,6830.5,0.2324
2082.089,12.207,89.323,1.547,1.408,2.14,0.431,6831.0,0.2324
2082.241,12.216,90.019,1.517,1.38,2.131,0.461,6831.5,0.2324
2082.394,12.229,91.242,1.574,1.439,2.13,0.479,6832.0,0.2324
2082.546,12.274,95.68,1.663,1.515,2.133,0.505,6832.5,0.2324
2082.698,12.317,93.378,1.658,1.5,2.138,0.532,6833.0,0.2324
2082.851,12.307,95.539,1.635,1.477,2.144,0.5,6833.5,0.2324
2083.003,12.307,96.78,1.622,1.463,2.148,0.522,6834.0,0.2324
2083.156,12.298,98.93,1.572,1.416,2.147,0.473,6834.5,0.2324
2083.308,12.303,99.756,1.53,1.38,2.141,0.465,6835.0,0.2324
2083.46,12.313,91.138,1.522,1.375,2.134,0.477,6835.5,0.2324
2083.613,12.327,90.736,1.542,1.401,2.129,0.524,6836.0,0.2324
2083.765,12.342,89.179,1.555,1.414,2.131,0.594,6836.5,0.2324
2083.917,12.342,93.984,1.59,1.444,2.142,0.585,6837.0,0.2324
2084.07,12.355,93.124,1.67,1.524,2.157,0.545,6837.5,0.2324
2084.222,12.367,99.337,1.721,1.57,2.168,0.508,6838.0,0.2324
2084.375,12.359,102.365,1.738,1.582,2.17,0.508,6838.5,0.2324
2084.527,12.358,104.058,1.742,1.593,2.164,0.503,6839.0,0.2324
2084.68,12.333,101.207,1.757,1.621,2.158,0.452,6839.5,0.2324
2084.832,12.311,95.945,1.786,1.657,2.153,0.445,6840.0,0.2324
2084.984,12.301,93.252,1.756,1.641,2.142,0.408,6840.5,0.2324
2085.137,12.267,88.645,1.61,1.502,2.121,0.384,6841.0,377.673
2085.289,12.252,82.827,1.476,1.358,2.099,0.363,6841.5,512.204
2085.442,12.31,81.401,1.51,1.394,2.097,0.419,6842.0,529.443
2085.594,12.359,86.585,1.644,1.537,2.118,0.466,6842.5,0.2324
2085.746,12.342,86.408,1.724,1.614,2.133,0.485,6843.0,0.2324
2085.899,12.328,81.535,1.608,1.514,2.116,0.443,6843.5,0.2324
2086.051,12.282,71.439,1.364,1.278,2.072,0.423,6844.0,750.797
2086.204,12.276,73.51,1.13,1.043,2.041,0.399,6844.5,1069.55
2086.356,12.313,80.537,1.113,1.031,2.054,0.413,6845.0,966.781
2086.508,12.374,87.341,1.289,1.219,2.093,0.42,6845.5,0.2324
2086.661,12.365,89.707,1.469,1.397,2.123,0.495,6846.0,0.2324
2086.813,12.329,89.563,1.536,1.441,2.135,0.531,6846.5,0.2324
2086.966,12.331,92.97,1.597,1.488,2.141,0.56,6847.0,0.2324
2087.118,12.309,97.029,1.73,1.62,2.147,0.518,6847.5,0.2324
2087.271,12.285,99.052,1.67,1.555,2.147,0.449,6848.0,0.2324
2087.423,12.286,97.378,1.564,1.45,2.137,0.402,6848.5,0.2324
2087.575,12.295,92.071,1.462,1.36,2.118,0.356,6849.0,395.936
2087.728,12.282,85.208,1.344,1.234,2.095,0.373,6849.5,541.837
2087.88,12.295,84.567,1.316,1.2,2.089,0.394,6850.0,594.917
2088.032,12.353,86.988,1.383,1.278,2.108,0.411,6850.5,0.2324
2088.185,12.344,91.46,1.472,1.36,2.134,0.429,6851.0,0.2324
2088.337,12.329,95.037,1.471,1.343,2.147,0.419,6851.5,0.2324
2088.49,12.363,100.851,1.482,1.352,2.153,0.386,6852.0,0.2324
2088.642,12.357,103.602,1.553,1.422,2.163,0.381,6852.5,0.2324
2088.794,12.31,102.294,1.559,1.419,2.169,0.424,6853.0,0.2324
2088.947,12.32,98.979,1.515,1.377,2.165,0.491,6853.5,0.2324
2089.099,12.328,98.521,1.484,1.347,2.158,0.515,6854.0,0.2324
2089.252,12.29,94.837,1.507,1.369,2.152,0.442,6854.5,0.2324
2089.404,12.33,96.269,1.498,1.367,2.145,0.411,6855.0,0.2324
2089.556,12.337,91.467,1.503,1.378,2.139,0.377,6855.5,0.2324
2089.709,12.33,92.22,1.477,1.355,2.136,0.365,6856.0,0.2324
2089.861,12.328,83.843,1.352,1.234,2.13,0.365,6856.5,0.2324
2090.014,12.333,84.518,1.307,1.189,2.118,0.369,6857.0,0.2324
2090.166,12.354,86.572,1.253,1.145,2.106,0.399,6857.5,0.2324
2090.318,12.348,87.424,1.281,1.171,2.105,0.403,6858.0,0.2324
2090.471,12.36,91.645,1.309,1.197,2.116,0.401,6858.5,0.2324
2090.623,12.379,91.625,1.39,1.284,2.127,0.401,6859.0,0.2324
2090.776,12.378,93.212,1.456,1.353,2.133,0.419,6859.5,0.2324
2090.928,12.367,90.798,1.374,1.27,2.134,0.407,6860.0,0.2324
2091.08,12.404,92.566,1.374,1.266,2.137,0.385,6860.5,0.2324
2091.233,12.414,96.691,1.511,1.397,2.146,0.405,6861.0,0.2324
2091.385,12.416,97.052,1.588,1.476,2.157,0.446,6861.5,0.2324
2091.538,12.41,95.366,1.576,1.469,2.159,0.481,6862.0,0.2324
2091.69,12.408,92.104,1.476,1.38,2.148,0.398,6862.5,0.2324
2091.842,12.374,88.35,1.304,1.207,2.128,0.404,6863.0,0.2324
2091.995,12.354,87.962,1.242,1.146,2.119,0.432,6863.5,0.2324
2092.147,12.358,85.222,1.308,1.225,2.131,0.416,6864.0,0.2324
2092.3,12.363,84.684,1.482,1.413,2.148,0.44,6864.5,0.2324
2092.452,12.33,85.506,1.469,1.401,2.154,0.416,6865.0,0.2324
2092.604,12.305,88.563,1.375,1.299,2.147,0.439,6865.5,0.2324
2092.757,12.346,91.157,1.38,1.298,2.139,0.449,6866.0,0.2324
2092.909,12.411,90.998,1.472,1.39,2.138,0.508,6866.5,0.2324
2093.062,12.444,85.865,1.534,1.457,2.14,0.574,6867.0,0.2324
2093.214,12.439,79.152,1.513,1.461,2.136,0.437,6867.5,0.2324
2093.366,12.383,68.625,1.236,1.19,2.121,0.346,6868.0,380.47
2093.519,12.296,59.752,0.973,0.92,2.094,0.316,6868.5,551.257
2093.671,12.283,62.811,0.876,0.821,2.072,0.358,6869.0,755.178
2093.823,12.301,71.335,1.023,0.979,2.069,0.389,6869.5,783.014
2093.976,12.332,83.878,1.208,1.175,2.087,0.417,6870.0,0.2324
2094.128,12.35,89.664,1.377,1.344,2.112,0.4,6870.5,0.2324
2094.281,12.364,91.346,1.426,1.387,2.136,0.438,6871.0,0.2324
2094.433,12.359,93.839,1.467,1.423,2.157,0.449,6871.5,0.2324
2094.586,12.361,93.025,1.507,1.454,2.173,0.495,6872.0,0.2324
2094.738,12.335,89.39,1.545,1.493,2.183,0.461,6872.5,0.2324
2094.89,12.314,82.915,1.581,1.549,2.177,0.419,6873.0,0.2324
2095.043,12.301,74.475,1.433,1.408,2.144,0.415,6873.5,273.925
2095.195,12.267,67.335,1.171,1.128,2.09,0.378,6874.0,585.376
2095.348,12.258,59.834,0.988,0.929,2.044,0.406,6874.5,1069.55
2095.5,12.259,65.718,0.979,0.919,2.041,0.413,6875.0,1069.55
2095.652,12.269,74.268,1.139,1.084,2.081,0.557,6875.5,0.2324
2095.805,12.276,83.344,1.365,1.306,2.129,0.638,6876.0,0.2324
2095.957,12.275,89.214,1.476,1.413,2.153,0.54,6876.5,0.2324
2096.11,12.276,91.614,1.389,1.32,2.155,0.503,6877.0,0.2324
2096.262,12.285,90.03,1.287,1.208,2.154,0.456,6877.5,0.2324
2096.414,12.33,89.929,1.327,1.24,2.162,0.503,6878.0,0.2324
2096.567,12.373,89.144,1.482,1.391,2.169,0.439,6878.5,0.2324
2096.719,12.358,90.788,1.647,1.549,2.167,0.432,6879.0,0.2324
2096.872,12.33,91.844,1.603,1.494,2.156,0.463,6879.5,0.2324
2097.024,12.308,93.538,1.506,1.391,2.14,0.498,6880.0,0.2324
2097.177,12.287,94.534,1.457,1.338,2.127,0.523,6880.5,0.2324
2097.329,12.27,91.709,1.435,1.32,2.12,0.473,6881.0,0.2324
2097.481,12.247,92.664,1.408,1.291,2.123,0.451,6881.5,0.2324
2097.634,12.26,91.57,1.372,1.244,2.131,0.443,6882.0,0.2324
2097.786,12.297,93.131,1.41,1.273,2.141,0.44,6882.5,0.2324
2097.938,12.314,93.961,1.472,1.331,2.149,0.42,6883.0,0.2324
2098.091,12.333,95.084,1.531,1.382,2.152,0.416,6883.5,0.2324
2098.243,12.347,92.93,1.543,1.393,2.148,0.428,6884.0,0.2324
2098.396,12.36,88.921,1.48,1.33,2.141,0.444,6884.5,0.2324
2098.548,12.357,94.262,1.47,1.318,2.135,0.433,6885.0,0.2324
2098.7,12.322,92.707,1.487,1.33,2.136,0.489,6885.5,0.2324
2098.853,12.348,95.036,1.59,1.43,2.141,0.479,6886.0,0.2324
2099.005,12.393,89.768,1.677,1.515,2.147,0.47,6886.5,0.2324
2099.158,12.408,94.867,1.729,1.563,2.153,0.438,6887.0,0.2324
2099.31,12.429,100.994,1.737,1.572,2.158,0.449,6887.5,0.2324
2099.462,12.44,103.006,1.716,1.562,2.161,0.45,6888.0,0.2324
2099.615,12.437,101.65,1.662,1.516,2.16,0.463,6888.5,0.2324
2099.767,12.464,95.91,1.585,1.457,2.153,0.462,6889.0,0.2324
2099.92,12.452,90.089,1.501,1.389,2.144,0.431,6889.5,0.2324
2100.072,12.427,86.095,1.499,1.404,2.132,0.4,6890.0,0.2324
2100.224,12.384,84.626,1.388,1.301,2.117,0.356,6890.5,0.2324
2100.377,12.294,87.08,1.289,1.205,2.105,0.379,6891.0,0.2324
2100.529,12.228,86.38,1.28,1.209,2.112,0.367,6891.5,0.2324
2100.682,12.216,80.266,1.384,1.332,2.134,0.38,6892.0,0.2324
2100.834,12.196,77.926,1.411,1.369,2.148,0.353,6892.5,0.2324
2100.986,12.191,75.598,1.337,1.304,2.137,0.371,6893.0,0.2324
2101.139,12.186,76.277,1.215,1.195,2.107,0.349,6893.5,0.2324
2101.291,12.168,67.578,1.101,1.094,2.078,0.322,6894.0,688.068
2101.444,12.168,64.589,0.993,0.974,2.067,0.299,6894.5,807.993
2101.596,12.176,63.415,1.0,0.983,2.07,0.331,6895.0,769.537
2101.748,12.181,71.3,1.046,1.047,2.077,0.38,6895.5,0.2324
2101.901,12.181,75.08,1.094,1.101,2.079,0.398,6896.0,0.2324
2102.053,12.174,78.134,1.059,1.074,2.079,0.398,6896.5,0.2324
2102.206,12.168,78.012,1.015,1.037,2.076,0.36,6897.0,0.2324
2102.358,12.169,81.949,1.013,1.041,2.073,0.356,6897.5,0.2324
2102.51,12.17,80.658,1.049,1.094,2.073,0.371,6898.0,0.2324
2102.663,12.17,79.159,1.083,1.135,2.077,0.369,6898.5,0.2324
2102.815,12.171,75.717,1.096,1.154,2.078,0.365,6899.0,0.2324
2102.968,12.173,73.195,1.054,1.118,2.07,0.338,6899.5,0.2324
2103.12,12.172,67.701,1.021,1.088,2.061,0.304,6900.0,880.079
2103.272,12.189,63.973,0.912,0.959,2.062,0.296,6900.5,859.348
2103.425,12.197,64.202,0.884,0.925,2.078,0.291,6901.0,697.513
2103.577,12.195,70.116,0.924,0.981,2.092,0.331,6901.5,0.2324
2103.729,12.194,74.155,0.979,1.043,2.09,0.345,6902.0,0.2324
2103.882,12.187,74.613,0.952,1.008,2.069,0.34,6902.5,786.141
2104.034,12.177,70.707,0.898,0.954,2.047,0.333,6903.0,1069.55
2104.187,12.179,67.057,0.866,0.909,2.041,0.343,6903.5,1069.55
2104.339,12.184,65.73,0.899,0.944,2.049,0.381,6904.0,1034.3
2104.492,12.188,64.97,0.912,0.975,2.057,0.377,6904.5,934.32
2104.644,12.195,69.773,0.906,0.972,2.058,0.39,6905.0,0.2324
2104.796,12.218,76.471,0.909,0.955,2.066,0.394,6905.5,0.2324
2104.949,12.239,80.428,1.002,1.055,2.081,0.421,6906.0,0.2324
2105.101,12.229,76.746,1.066,1.134,2.089,0.384,6906.5,0.2324
2105.254,12.19,76.942,0.993,1.043,2.084,0.365,6907.0,0.2324
2105.406,12.174,76.373,0.955,1.008,2.079,0.334,6907.5,686.773
2105.558,12.182,76.225,0.987,1.054,2.079,0.315,6908.0,683.105
2105.711,12.185,72.007,0.963,1.012,2.078,0.337,6908.5,693.524
2105.863,12.181,74.076,0.909,0.944,2.073,0.382,6909.0,0.2324
2106.016,12.179,84.074,0.901,0.945,2.073,0.403,6909.5,0.2324
2106.168,12.18,86.891,0.967,1.019,2.079,0.399,6910.0,0.2324
2106.32,12.178,82.957,1.031,1.089,2.085,0.408,6910.5,0.2324
2106.473,12.163,73.392,1.038,1.092,2.083,0.402,6911.0,0.2324
2106.625,12.142,66.042,1.01,1.069,2.076,0.398,6911.5,714.182
2106.778,12.13,62.149,0.934,1.001,2.072,0.356,6912.0,756.736
2106.93,12.146,66.195,0.877,0.939,2.079,0.355,6912.5,680.221
2107.083,12.181,74.203,0.882,0.957,2.094,0.353,6913.0,553.929
2107.235,12.21,74.895,0.964,1.073,2.103,0.371,6913.5,0.2324
2107.387,12.206,69.715,0.998,1.133,2.101,0.39,6914.0,117.733
2107.54,12.194,53.418,0.919,1.041,2.09,0.422,6914.5,117.733
2107.692,12.188,44.616,0.85,0.962,2.079,0.412,6915.0,117.733
2107.844,12.184,38.128,0.829,0.942,2.077,0.386,6915.5,2556.45
2107.997,12.182,37.543,0.834,0.946,2.08,0.336,6916.0,2505.97
2108.149,12.176,40.694,0.839,0.955,2.084,0.309,6916.5,2462.3701
2108.302,12.178,42.58,0.828,0.949,2.083,0.307,6917.0,2472.2
2108.454,12.193,39.303,0.814,0.926,2.082,0.304,6917.5,2488.9299
2108.606,12.201,40.02,0.798,0.901,2.084,0.317,6918.0,2453.8401
2108.759,12.203,44.314,0.784,0.881,2.093,0.324,6918.5,2343.3
2108.911,12.201,56.121,0.762,0.853,2.105,0.34,6919.0,2199.5901
2109.064,12.2,61.438,0.782,0.869,2.113,0.387,6919.5,117.733
2109.216,12.215,66.301,0.827,0.926,2.111,0.414,6920.0,0.2324
2109.368,12.234,67.824,0.873,0.978,2.103,0.42,6920.5,0.2324
2109.521,12.235,66.643,0.886,0.975,2.093,0.357,6921.0,557.07
2109.673,12.239,66.067,0.841,0.896,2.092,0.347,6921.5,570.815
2109.826,12.252,67.261,0.858,0.889,2.103,0.366,6922.0,487.585
2109.978,12.344,74.59,1.002,1.031,2.121,0.424,6922.5,0.2324
2110.13,12.444,83.672,1.288,1.313,2.13,0.464,6923.0,0.2324
2110.283,12.533,90.371,1.472,1.472,2.124,0.484,6923.5,0.2324
2147.926,12.183,96.05,1.761,1.579,2.174,0.486,7047.0,0.2324
2148.078,12.353,87.878,1.859,1.667,2.174,0.483,7047.5,0.2324
2148.23,12.322,83.41,2.029,1.811,2.167,0.465,7048.0,0.2324
2148.383,12.289,78.009,2.28,2.03,2.155,0.417,7048.5,234.745
2148.535,12.206,70.891,2.64,2.366,2.135,0.368,7049.0,312.11
2148.688,12.123,65.853,2.892,2.606,2.113,0.336,7049.5,424.59
2148.84,12.109,68.998,2.862,2.564,2.102,0.343,7050.0,492.571
2148.992,12.092,72.914,2.483,2.181,2.105,0.374,7050.5,471.717
2149.145,12.08,80.941,2.004,1.738,2.112,0.399,7051.0,431.59
2149.297,12.09,85.185,1.631,1.414,2.111,0.462,7051.5,0.2324
2149.45,12.076,91.484,1.46,1.269,2.102,0.44,7052.0,0.2324
2149.602,12.049,91.79,1.447,1.259,2.095,0.492,7052.5,0.2324
2176.272,12.424,94.345,1.224,1.108,2.214,0.642,7140.0,0.2324
2176.424,12.31,97.734,1.101,0.985,2.191,0.516,7140.5,0.2324
2176.577,12.124,96.849,1.064,0.941,2.159,0.463,7141.0,0.2324
2176.729,12.082,89.598,1.257,1.106,2.143,0.401,7141.5,277.278
2176.882,12.145,79.704,1.657,1.461,2.148,0.305,7142.0,260.211
2177.034,12.212,77.89,2.057,1.809,2.157,0.298,7142.5,230.811
2177.186,12.226,78.056,2.374,2.065,2.169,0.306,7143.0,194.527
2177.339,12.278,77.887,2.518,2.156,2.199,0.387,7143.5,0.2324
2177.491,12.384,78.687,2.686,2.306,2.24,0.4,7144.0,0.2324
2177.644,12.441,82.009,2.734,2.366,2.264,0.431,7144.5,0.2324
2177.796,12.419,85.908,2.521,2.19,2.258,0.456,7145.0,0.2324
2177.948,12.409,91.489,2.267,1.992,2.228,0.423,7145.5,0.2324
2267.712,12.262,99.295,1.477,1.401,2.197,0.451,7440.0,0.2324
2267.865,12.242,94.767,1.499,1.434,2.189,0.424,7440.5,0.2324
2268.017,12.217,86.154,1.494,1.427,2.175,0.451,7441.0,0.2324
2268.169,12.193,78.499,1.458,1.391,2.155,0.413,7441.5,234.71
2268.322,12.175,68.765,1.393,1.346,2.138,0.406,7442.0,298.854
2268.474,12.154,59.928,1.288,1.247,2.128,0.347,7442.5,345.333
2268.626,12.148,59.318,1.228,1.184,2.124,0.363,7443.0,361.843
2268.779,12.158,69.687,1.202,1.153,2.129,0.37,7443.5,337.195
2268.931,12.264,81.321,1.378,1.32,2.149,0.402,7444.0,255.509
2269.083,12.464,92.575,1.798,1.747,2.184,0.399,7444.5,0.2324
2269.236,12.521,98.099,2.235,2.2,2.22,0.391,7445.0,0.2324
2269.388,12.501,103.418,2.107,2.035,2.24,0.391,7445.5,0.2324
2279.904,12.794,99.399,2.016,1.836,2.227,0.464,7480.0,0.2324
2280.056,12.694,101.463,2.018,1.845,2.233,0.474,7480.5,0.2324
2280.209,12.526,100.743,2.04,1.866,2.229,0.472,7481.0,0.2324
2280.361,12.551,100.352,2.103,1.923,2.226,0.412,7481.5,0.2324
2280.514,12.828,98.266,2.191,1.997,2.23,0.394,7482.0,0.2324
2280.666,13.333,101.991,2.268,2.059,2.236,0.422,7482.5,0.2324
2280.818,13.069,97.534,2.323,2.119,2.238,0.402,7483.0,117.733
2280.971,12.526,95.741,2.234,2.049,2.235,0.363,7483.5,117.733
2281.123,12.493,88.148,2.096,1.94,2.235,0.36,7484.0,117.733
2281.276,12.412,85.967,1.985,1.863,2.233,0.383,7484.5,117.733
2281.428,12.285,76.487,1.84,1.726,2.205,0.404,7485.0,1282.25
2281.58,12.278,70.926,1.658,1.548,2.146,0.367,7485.5,1757.78
2281.733,12.3,59.306,1.58,1.476,2.108,0.345,7486.0,2166.3
2281.885,12.284,53.179,1.645,1.541,2.139,0.316,7486.5,1833.24
2282.038,12.23,51.237,1.661,1.552,2.214,0.286,7487.0,1226.05
2282.19,12.217,54.887,1.569,1.449,2.27,0.3,7487.5,907.367
2282.342,12.217,64.114,1.467,1.337,2.275,0.323,7488.0,880.462
2282.495,12.179,78.379,1.447,1.321,2.243,0.369,7488.5,117.733
2282.647,12.165,87.281,1.531,1.416,2.206,0.399,7489.0,117.733
2282.8,12.152,99.255,1.68,1.568,2.185,0.428,7489.5,117.733
2309.165,13.027,96.343,1.586,1.32,2.132,0.52,7576.0,117.733
2309.317,13.158,89.515,1.736,1.443,2.125,0.422,7576.5,117.733
2309.469,12.953,82.548,2.075,1.736,2.122,0.397,7577.0,1753.92
2309.622,12.492,71.727,2.668,2.255,2.119,0.35,7577.5,1785.11
2309.774,12.276,66.613,3.348,2.849,2.123,0.384,7578.0,1742.58
2309.927,12.294,63.927,3.956,3.357,2.136,0.385,7578.5,1636.87
2310.079,12.235,59.16,4.594,3.862,2.139,0.395,7579.0,1606.97
2310.232,12.179,54.011,5.718,4.777,2.132,0.357,7579.5,1669.0
2310.384,12.165,53.845,7.276,6.104,2.127,0.37,7580.0,1714.39
2310.536,12.149,54.492,8.609,7.185,2.132,0.391,7580.5,1671.36
2310.689,12.181,56.922,10.034,8.381,2.135,0.403,7581.0,1640.42
2310.841,12.238,52.345,13.024,11.688,2.126,0.365,7581.5,1718.63
2310.994,12.248,46.707,15.566,15.223,2.11,0.356,7582.0,1864.99
2311.146,12.223,44.381,13.331,12.803,2.101,0.336,7582.5,1957.0601
2311.298,12.21,47.568,9.109,8.079,2.106,0.357,7583.0,1900.47
2311.451,12.252,59.035,6.374,5.34,2.127,0.372,7583.5,1708.73
2311.603,12.305,70.817,4.836,3.918,2.151,0.431,7584.0,117.733
2311.756,12.313,74.089,4.121,3.262,2.161,0.411,7584.5,117.733
2311.908,12.39,76.968,3.872,3.013,2.161,0.379,7585.0,117.733
2312.06,12.439,74.112,3.909,3.031,2.166,0.372,7585.5,117.733
2312.213,12.456,77.726,3.907,3.035,2.178,0.356,7586.0,0.2324
2312.365,12.458,76.857,3.729,2.923,2.178,0.341,7586.5,126.088
2312.518,12.41,79.359,3.542,2.855,2.159,0.343,7587.0,161.935
2312.67,12.446,83.22,3.114,2.558,2.135,0.403,7587.5,0.2324
2312.823,12.638,91.038,2.669,2.18,2.125,0.479,7588.0,0.2324
2312.975,12.759,96.2,2.41,1.962,2.127,0.48,7588.5,0.2324
2313.127,12.676,100.44,2.42,2.026,2.133,0.477,7589.0,0.2324
2313.28,12.512,103.948,2.432,2.107,2.14,0.453,7589.5,0.2324
2313.432,12.529,105.319,2.321,2.085,2.154,0.484,7590.0,0.2324
2313.584,12.617,102.578,2.063,1.937,2.176,0.508,7590.5,0.2324
2696.261,12.89,119.379,1.597,1.852,2.289,0.4,8846.0,32.9396
2696.413,12.941,119.061,1.684,1.975,2.3,0.4,8846.5,35.3281
2696.566,12.766,117.366,1.724,2.027,2.298,0.431,8847.0,35.6896
2696.718,12.889,114.393,1.684,1.976,2.292,0.403,8847.5,37.4858
2696.87,12.985,113.028,1.715,2.035,2.286,0.406,8848.0,0.2324
2697.023,13.146,112.793,1.724,2.079,2.266,0.404,8848.5,0.2324
2697.175,13.111,106.731,1.706,2.088,2.217,0.428,8849.0,0.2324
2697.328,13.404,111.435,1.564,1.907,2.158,0.396,8849.5,0.2324
2697.48,14.125,120.877,1.468,1.781,2.133,0.389,8850.0,0.2324
2697.632,14.555,117.603,1.515,1.857,2.15,0.378,8850.5,0.2324
2697.785,15.552,123.821,1.559,1.947,2.175,0.421,8851.0,0.2324
2697.937,16.785,125.685,1.542,1.93,2.193,0.425,8851.5,0.2324
2698.09,17.252,126.953,1.487,1.85,2.213,0.42,8852.0,68.8457
2698.242,16.761,123.995,1.546,1.962,2.238,0.402,8852.5,178.515
2698.394,15.872,122.148,1.57,2.004,2.261,0.395,8853.0,278.812
2698.547,15.431,121.09,1.578,2.009,2.276,0.379,8853.5,205.102
2698.699,15.254,127.647,1.566,1.993,2.272,0.349,8854.0,114.766
2698.852,13.788,120.415,1.579,2.027,2.257,0.357,8854.5,0.2324
2705.557,11.979,106.348,1.845,2.137,2.287,0.358,8876.5,117.733
2705.71,12.112,106.049,1.761,2.03,2.305,0.357,8877.0,755.234
2705.862,12.87,110.305,1.726,1.986,2.328,0.405,8877.5,740.039
2706.014,13.014,115.486,1.7,1.95,2.341,0.394,8878.0,727.613
2706.167,12.585,117.466,1.596,1.816,2.337,0.399,8878.5,708.303
2706.319,12.535,123.175,1.504,1.699,2.322,0.409,8879.0,662.098
2706.472,12.502,117.538,1.501,1.695,2.304,0.44,8879.5,600.647
2706.624,12.494,122.4,1.599,1.831,2.284,0.454,8880.0,562.934
2706.776,12.29,117.881,1.634,1.895,2.266,0.468,8880.5,551.355
2706.929,12.209,121.059,1.59,1.85,2.262,0.481,8881.0,541.136
2707.081,12.214,117.3,1.543,1.797,2.278,0.459,8881.5,532.405
2707.234,12.213,117.48,1.542,1.806,2.297,0.41,8882.0,535.671
2707.386,12.145,120.827,1.525,1.787,2.293,0.389,8882.5,546.438
2707.538,12.102,118.152,1.515,1.766,2.264,0.399,8883.0,555.04
2707.691,12.078,119.723,1.51,1.755,2.236,0.425,8883.5,565.981
2707.843,12.024,119.035,1.504,1.737,2.225,0.426,8884.0,612.215
2707.996,12.012,121.727,1.486,1.723,2.222,0.436,8884.5,747.367
2708.148,12.06,123.207,1.492,1.746,2.22,0.434,8885.0,1033.9
2708.3,12.161,120.405,1.539,1.821,2.23,0.441,8885.5,1493.04
2708.453,12.215,124.531,1.577,1.888,2.249,0.44,8886.0,1970.54
2708.605,12.062,117.934,1.528,1.838,2.246,0.459,8886.5,2275.8899
2708.758,12.051,116.855,1.439,1.716,2.207,0.512,8887.0,2418.5801
2708.91,12.1,115.3,1.377,1.629,2.166,0.505,8887.5,117.733
2709.062,12.133,122.961,1.392,1.637,2.164,0.508,8888.0,117.733
2709.215,12.176,124.727,1.431,1.682,2.199,0.436,8888.5,117.733
2709.367,12.302,125.59,1.464,1.727,2.232,0.391,8889.0,117.733
2709.52,12.477,120.333,1.484,1.763,2.233,0.38,8889.5,117.733
2788.006,12.193,125.066,2.179,2.187,2.27,0.39,9147.0,0.2324
2788.158,12.31,127.315,1.946,1.925,2.325,0.465,9147.5,0.2324
2788.31,12.345,124.26,1.885,1.861,2.359,0.498,9148.0,0.2324
2788.463,12.346,123.919,1.811,1.781,2.357,0.497,9148.5,0.2324
2788.615,12.346,126.431,1.755,1.725,2.343,0.432,9149.0,23.1566
2788.768,12.329,126.59,1.69,1.663,2.336,0.385,9149.5,23.1987
2788.92,12.318,124.965,1.641,1.617,2.336,0.349,9150.0,22.1026
2789.073,12.278,123.326,1.618,1.603,2.335,0.36,9150.5,21.2175
2789.225,12.257,123.62,1.589,1.589,2.329,0.395,9151.0,0.2324
2789.377,12.256,123.519,1.556,1.569,2.32,0.449,9151.5,0.2324
2789.53,12.256,129.669,1.534,1.558,2.314,0.598,9152.0,0.2324
2789.682,12.269,130.983,1.515,1.55,2.312,0.804,9152.5,0.2324
2789.834,12.271,131.691,1.495,1.546,2.312,0.671,9153.0,0.2324
2789.987,12.261,128.553,1.47,1.541,2.313,0.502,9153.5,0.2324
2790.139,12.273,131.494,1.449,1.534,2.316,0.469,9154.0,0.2324
2790.292,12.281,131.108,1.439,1.538,2.318,0.454,9154.5,0.2324
2790.444,12.28,121.278,1.435,1.548,2.318,0.439,9155.0,0.2324
2790.596,12.283,116.341,1.425,1.546,2.317,0.432,9155.5,0.2324
2790.749,12.285,117.894,1.417,1.542,2.315,0.421,9156.0,117.733
2790.901,12.283,121.763,1.427,1.558,2.309,0.414,9156.5,654.625
2791.054,12.286,120.626,1.459,1.597,2.297,0.403,9157.0,682.953
2791.206,12.279,110.133,1.486,1.625,2.285,0.443,9157.5,714.107
2791.358,12.281,108.611,1.505,1.648,2.279,0.444,9158.0,729.496
2791.511,12.304,122.167,1.533,1.683,2.283,0.598,9158.5,723.369
2791.663,12.306,133.278,1.543,1.693,2.296,0.623,9159.0,722.119
2791.816,12.291,138.945,1.539,1.689,2.316,0.665,9159.5,732.217
2791.968,12.295,128.816,1.52,1.667,2.332,0.571,9160.0,737.414
2792.12,12.306,116.813,1.482,1.625,2.339,0.532,9160.5,716.712
2792.273,12.321,114.924,1.443,1.576,2.341,0.55,9161.0,685.176
2792.425,12.315,121.581,1.432,1.558,2.343,0.618,9161.5,675.539
2792.578,12.313,136.657,1.415,1.54,2.345,0.534,9162.0,694.517
2792.73,12.338,140.498,1.4,1.52,2.345,0.437,9162.5,711.82
2792.882,12.366,134.008,1.401,1.521,2.341,0.391,9163.0,698.389
2793.035,12.386,121.896,1.404,1.523,2.335,0.396,9163.5,672.72
2793.187,12.373,115.976,1.406,1.519,2.333,0.444,9164.0,670.245
2793.34,12.369,120.619,1.403,1.508,2.335,0.463,9164.5,692.943
2793.492,12.375,121.667,1.393,1.488,2.339,0.474,9165.0,710.075
2793.644,12.376,125.46,1.385,1.474,2.341,0.48,9165.5,704.638
2793.797,12.377,124.101,1.363,1.447,2.339,0.586,9166.0,696.638
2793.949,12.369,129.842,1.347,1.429,2.335,0.627,9166.5,701.806
2794.102,12.368,130.915,1.331,1.413,2.331,0.59,9167.0,710.076
2794.254,12.369,133.99,1.327,1.408,2.329,0.457,9167.5,707.596
2794.406,12.358,131.552,1.338,1.421,2.329,0.434,9168.0,698.93
2794.559,12.348,136.151,1.372,1.465,2.331,0.449,9168.5,702.181
2794.711,12.35,128.973,1.402,1.507,2.333,0.408,9169.0,719.472
2794.864,12.36,125.526,1.403,1.51,2.332,0.388,9169.5,731.48
2795.016,12.339,120.24,1.391,1.498,2.329,0.387,9170.0,720.22
2795.168,12.304,123.891,1.432,1.552,2.325,0.423,9170.5,676.499
2795.321,12.293,129.286,1.542,1.689,2.323,0.444,9171.0,117.733
2795.473,12.27,129.589,1.66,1.836,2.323,0.468,9171.5,117.733
2795.625,12.358,124.688,1.701,1.88,2.321,0.472,9172.0,117.733
2795.778,12.335,120.532,1.664,1.83,2.316,0.441,9172.5,117.733
2836.469,12.303,134.083,1.465,1.521,2.275,0.536,9306.0,0.2324
2836.621,12.26,128.611,1.468,1.526,2.25,0.488,9306.5,0.2324
2836.774,12.279,126.361,1.588,1.666,2.255,0.411,9307.0,0.2324
2836.926,12.311,128.142,1.76,1.867,2.275,0.381,9307.5,0.2324
2837.078,12.264,120.656,1.912,2.033,2.29,0.382,9308.0,0.2324
2837.231,12.219,121.671,1.962,2.088,2.292,0.4,9308.5,0.2324
2837.383,12.133,112.475,1.908,2.032,2.286,0.489,9309.0,0.2324
2837.536,12.048,114.36,1.774,1.885,2.28,0.678,9309.5,0.2324
2837.688,12.062,113.308,1.666,1.767,2.281,0.723,9310.0,0.2324
2837.84,12.125,109.679,1.558,1.644,2.28,0.467,9310.5,0.2324
2837.993,12.158,111.376,1.44,1.509,2.267,0.382,9311.0,0.2324
2838.145,12.185,112.521,1.39,1.446,2.259,0.354,9311.5,0.2324
2838.298,12.16,123.92,1.459,1.517,2.275,0.358,9312.0,0.2324
2838.45,12.254,133.212,1.546,1.614,2.307,0.397,9312.5,0.2324
2838.602,12.208,139.598,1.572,1.643,2.327,0.42,9313.0,0.2324
2838.755,11.967,143.634,1.528,1.595,2.329,0.423,9313.5,102.944
2838.907,11.818,138.711,1.486,1.549,2.329,0.538,9314.0,1533.47
2839.06,11.929,140.426,1.465,1.536,2.328,0.615,9314.5,1805.45
2839.212,12.087,134.511,1.45,1.536,2.303,0.586,9315.0,1867.59
2839.365,12.22,133.084,1.438,1.531,2.26,0.439,9315.5,1709.7
2839.517,12.354,121.907,1.465,1.562,2.236,0.374,9316.0,1502.36
2839.669,12.333,117.194,1.541,1.648,2.256,0.362,9316.5,1422.41
2839.822,12.209,118.701,1.58,1.686,2.286,0.34,9317.0,1539.48
2839.974,12.156,130.137,1.58,1.679,2.296,0.376,9317.5,1853.96
2840.126,12.181,127.99,1.623,1.74,2.293,0.454,9318.0,2246.8799
2840.279,12.134,128.708,1.682,1.834,2.296,0.594,9318.5,2477.6001
2840.431,12.062,120.082,1.44,1.575,2.297,0.497,9319.0,2432.74
2840.583,11.96,122.604,1.109,1.204,2.287,0.482,9319.5,2298.5901
2840.736,11.88,119.151,0.962,1.044,2.279,0.459,9320.0,2243.6799
2840.888,11.855,117.411,0.98,1.068,2.28,0.474,9320.5,2197.05
2841.041,11.905,113.473,1.035,1.135,2.278,0.467,9321.0,2025.92
2841.193,11.977,105.387,1.063,1.171,2.259,0.414,9321.5,1785.64
2841.346,12.104,100.179,1.064,1.174,2.229,0.423,9322.0,1611.67
2841.498,12.263,103.639,1.059,1.172,2.209,0.382,9322.5,1564.55
2841.65,12.05,105.404,1.042,1.157,2.22,0.463,9323.0,1648.13
2841.803,12.248,118.558,1.024,1.135,2.257,0.438,9323.5,1806.24
2841.955,12.733,127.144,1.031,1.14,2.286,0.456,9324.0,1917.0601
2842.108,12.385,126.554,1.091,1.21,2.289,0.388,9324.5,1896.54
2842.26,12.096,121.26,1.1,1.225,2.273,0.322,9325.0,1797.99
2842.412,12.079,121.371,1.071,1.194,2.257,0.368,9325.5,1733.3199
2842.565,11.983,123.139,1.024,1.15,2.251,0.424,9326.0,1742.75
2842.717,11.83,121.126,0.964,1.091,2.253,0.564,9326.5,1765.21
2842.87,11.757,122.06,0.751,0.835,2.257,0.624,9327.0,1729.66
2843.022,11.755,119.328,0.607,0.669,2.257,0.663,9327.5,1666.87
2843.174,12.063,123.559,0.639,0.714,2.255,0.645,9328.0,1650.51
2843.327,12.177,119.282,0.842,0.96,2.255,0.578,9328.5,1677.86
2843.479,12.082,119.591,1.041,1.186,2.256,0.453,9329.0,1689.86
2843.632,12.125,125.1,1.04,1.173,2.251,0.395,9329.5,1665.5601
2843.784,12.053,127.045,1.075,1.2,2.235,0.431,9330.0,1624.83
2843.936,12.163,128.457,1.138,1.264,2.215,0.445,9330.5,1572.96
2844.089,12.183,130.54,1.186,1.316,2.196,0.418,9331.0,1519.99
2844.241,12.197,133.064,1.142,1.277,2.187,0.404,9331.5,1501.41
2844.394,12.351,132.427,1.125,1.27,2.198,0.432,9332.0,1535.63
2844.546,12.136,124.725,1.08,1.222,2.231,0.448,9332.5,1600.92
2844.698,12.007,116.654,1.051,1.188,2.264,0.473,9333.0,1679.1899
2844.851,12.012,117.571,1.05,1.18,2.271,0.452,9333.5,1780.33
2845.003,12.083,119.032,1.123,1.26,2.259,0.473,9334.0,1931.72
2845.156,12.172,123.149,1.22,1.365,2.249,0.422,9334.5,2149.3301
2845.308,12.17,126.706,1.263,1.406,2.249,0.383,9335.0,2365.1899
2845.46,12.114,120.588,1.265,1.4,2.248,0.385,9335.5,2430.75
2845.613,12.112,121.976,1.295,1.43,2.25,0.397,9336.0,117.733
2845.765,12.023,112.85,1.334,1.478,2.263,0.491,9336.5,117.733
2845.917,11.896,111.577,1.349,1.487,2.283,0.577,9337.0,117.733
2846.07,11.869,111.294,1.346,1.469,2.297,0.522,9337.5,117.733
2846.222,11.939,117.83,1.364,1.491,2.299,0.455,9338.0,117.733
2846.375,12.03,122.15,1.416,1.554,2.295,0.405,9338.5,117.733
2849.271,12.196,132.046,1.531,1.624,2.318,0.417,9348.0,117.733
2849.423,12.216,132.494,1.527,1.622,2.319,0.372,9348.5,1619.6801
2849.575,12.211,131.859,1.539,1.64,2.321,0.4,9349.0,2023.3199
2849.728,12.183,133.03,1.56,1.663,2.325,0.391,9349.5,2120.1499
2849.88,12.172,129.878,1.592,1.7,2.327,0.407,9350.0,2038.0601
2850.032,12.165,123.627,1.597,1.715,2.321,0.479,9350.5,1985.49
2850.185,12.094,116.404,1.527,1.644,2.3,0.672,9351.0,2031.73
2850.337,12.037,114.709,1.411,1.507,2.272,0.525,9351.5,2155.26
2850.49,12.424,120.21,1.371,1.456,2.253,0.486,9352.0,2307.6201
2850.642,12.878,127.227,1.413,1.501,2.255,0.467,9352.5,2423.1499
2850.794,12.552,126.41,1.468,1.566,2.272,0.455,9353.0,2436.97
2850.947,12.27,125.315,1.481,1.583,2.29,0.431,9353.5,2349.1299
2851.099,12.234,135.896,1.458,1.557,2.292,0.44,9354.0,2230.1101
2851.252,12.166,127.901,1.391,1.485,2.264,0.467,9354.5,2133.4199
2851.404,12.333,124.971,1.335,1.416,2.218,0.42,9355.0,2057.7
2851.556,12.566,125.748,1.35,1.429,2.203,0.441,9355.5,1991.92
2851.709,12.295,126.079,1.427,1.524,2.237,0.448,9356.0,1941.9
2851.861,12.147,122.725,1.498,1.603,2.286,0.465,9356.5,1918.49
2852.014,12.129,118.547,1.556,1.659,2.314,0.517,9357.0,1902.58
2852.166,12.107,123.397,1.554,1.652,2.318,0.49,9357.5,1842.8199
2852.318,12.081,124.811,1.532,1.622,2.315,0.4,9358.0,1732.28
2852.471,12.049,126.49,1.516,1.602,2.31,0.38,9358.5,1643.15
2852.623,12.019,125.995,1.521,1.604,2.306,0.408,9359.0,1645.6899
2852.776,12.066,120.099,1.552,1.638,2.315,0.493,9359.5,1744.16
2852.928,12.104,118.086,1.602,1.686,2.331,0.553,9360.0,1840.35
2853.08,12.102,120.068,1.613,1.704,2.343,0.63,9360.5,1804.74
2853.233,12.102,129.367,1.558,1.643,2.349,0.614,9361.0,1661.97
2853.385,12.113,135.262,1.499,1.575,2.352,0.484,9361.5,1553.41
2853.538,12.126,133.683,1.492,1.563,2.356,0.376,9362.0,1528.6
2853.69,12.127,137.576,1.486,1.551,2.36,0.374,9362.5,1482.65
2853.842,12.083,138.076,1.486,1.553,2.358,0.379,9363.0,1313.48
2853.995,12.163,139.329,1.508,1.579,2.35,0.445,9363.5,1122.0601
2854.147,12.166,133.99,1.512,1.581,2.342,0.406,9364.0,69.8326
2854.3,11.986,125.94,1.496,1.562,2.338,0.448,9364.5,83.452
2854.452,11.957,125.136,1.483,1.546,2.341,0.397,9365.0,110.363
2854.604,11.915,123.318,1.511,1.57,2.347,0.413,9365.5,123.906
2854.757,11.878,121.321,1.551,1.62,2.351,0.409,9366.0,131.65
2854.909,11.842,118.862,1.564,1.639,2.347,0.424,9366.5,171.001
2855.062,11.836,121.234,1.554,1.628,2.336,0.477,9367.0,257.16
2855.214,11.84,128.05,1.562,1.637,2.321,0.525,9367.5,335.56
2855.366,11.855,129.903,1.582,1.664,2.313,0.541,9368.0,325.86
2855.519,11.8,123.32,1.556,1.642,2.32,0.592,9368.5,239.13
2855.671,11.698,115.338,1.461,1.538,2.33,0.538,9369.0,131.07
2855.823,11.618,122.718,1.36,1.431,2.323,0.479,9369.5,69.0011
2855.976,11.566,119.713,1.281,1.347,2.301,0.421,9370.0,58.1799
2856.128,11.782,118.463,1.249,1.311,2.279,0.41,9370.5,89.7603
2856.281,11.845,118.506,1.246,1.306,2.268,0.379,9371.0,158.436
2856.433,11.773,122.186,1.263,1.325,2.267,0.405,9371.5,210.979
2856.586,11.814,130.52,1.289,1.353,2.278,0.442,9372.0,247.126
2856.738,11.69,134.121,1.332,1.398,2.297,0.461,9372.5,318.179
2856.89,11.661,129.44,1.384,1.457,2.312,0.473,9373.0,424.145
2857.043,11.591,127.344,1.419,1.499,2.31,0.524,9373.5,507.466
2857.195,11.533,124.742,1.424,1.507,2.296,0.617,9374.0,519.854
2857.348,11.957,131.251,1.4,1.483,2.282,0.684,9374.5,446.28
2857.5,12.296,132.955,1.348,1.427,2.27,0.539,9375.0,343.757
2857.652,12.022,124.788,1.293,1.366,2.263,0.482,9375.5,289.614
2857.805,11.869,123.937,1.294,1.371,2.269,0.516,9376.0,1826.75
2857.957,11.831,123.426,1.344,1.43,2.281,0.563,9376.5,1927.46
2858.11,11.815,123.598,1.357,1.44,2.286,0.581,9377.0,2102.3899
2858.262,11.853,125.155,1.356,1.437,2.282,0.536,9377.5,2353.3999
2858.414,11.85,126.038,1.38,1.465,2.275,0.427,9378.0,2546.6399
2858.567,11.787,129.38,1.419,1.514,2.27,0.448,9378.5,2541.8999
2858.719,11.786,128.936,1.415,1.515,2.267,0.39,9379.0,2506.05
2858.872,11.815,133.055,1.391,1.49,2.267,0.401,9379.5,2634.46
2859.024,11.818,131.545,1.383,1.484,2.276,0.399,9380.0,2911.0601
2859.177,11.828,127.296,1.4,1.508,2.289,0.394,9380.5,2998.47
2859.329,11.864,127.527,1.443,1.554,2.297,0.373,9381.0,2998.47
2859.481,11.88,124.361,1.495,1.611,2.296,0.404,9381.5,2998.47
2859.634,11.839,131.067,1.5,1.618,2.289,0.427,9382.0,2998.47
2859.786,11.753,130.835,1.467,1.577,2.284,0.442,9382.5,2998.47
2859.938,11.722,132.841,1.454,1.564,2.289,0.41,9383.0,2998.47
2860.091,11.758,130.249,1.484,1.601,2.301,0.393,9383.5,2970.3301
2860.243,11.712,126.27,1.513,1.635,2.307,0.422,9384.0,2988.1599
2860.396,11.786,124.76,1.49,1.602,2.305,0.444,9384.5,2998.47
2860.548,11.926,127.178,1.434,1.536,2.3,0.422,9385.0,2998.47
2860.7,11.858,136.77,1.381,1.473,2.295,0.423,9385.5,117.733
2860.853,11.788,139.746,1.352,1.437,2.28,0.483,9386.0,117.733
2861.005,11.732,134.655,1.373,1.457,2.259,0.605,9386.5,117.733
2861.158,11.55,122.734,1.381,1.458,2.243,0.585,9387.0,2998.47
2861.31,11.628,113.8,1.348,1.413,2.242,0.615,9387.5,2998.47
2861.462,11.811,112.88,1.326,1.384,2.252,0.549,9388.0,2998.47
2861.615,11.799,117.075,1.318,1.372,2.264,0.466,9388.5,2660.27
2861.767,11.82,120.643,1.332,1.385,2.268,0.418,9389.0,2468.4299
2861.92,11.838,125.671,1.362,1.415,2.26,0.42,9389.5,2543.5
2862.072,11.851,128.878,1.386,1.432,2.248,0.476,9390.0,2998.47
2862.224,11.96,129.472,1.414,1.457,2.243,0.519,9390.5,2998.47
2862.377,12.072,124.88,1.443,1.486,2.253,0.453,9391.0,2998.47
2862.529,12.094,121.015,1.492,1.533,2.273,0.436,9391.5,2998.47
2862.682,12.041,127.523,1.51,1.553,2.291,0.449,9392.0,2998.47
2862.834,12.134,129.462,1.516,1.563,2.302,0.455,9392.5,2998.47
2862.986,12.238,132.933,1.508,1.549,2.307,0.422,9393.0,2998.47
2863.139,12.187,127.173,1.496,1.539,2.309,0.421,9393.5,2706.3201
2863.291,12.15,130.331,1.478,1.528,2.312,0.43,9394.0,1895.38
2863.444,12.108,131.81,1.482,1.535,2.321,0.454,9394.5,1352.76
2863.596,12.066,129.216,1.484,1.532,2.329,0.485,9395.0,1074.62
2863.748,11.954,127.705,1.498,1.545,2.328,0.468,9395.5,917.806
2863.901,11.871,127.21,1.505,1.549,2.323,0.423,9396.0,39.3136
2864.053,11.803,127.625,1.504,1.542,2.32,0.4,9396.5,42.65
2864.206,11.785,123.73,1.508,1.543,2.321,0.461,9397.0,60.4492
2864.358,11.894,117.099,1.517,1.555,2.323,0.529,9397.5,0.2324
2864.51,11.967,122.621,1.531,1.567,2.324,0.521,9398.0,0.2324
2864.663,11.994,124.794,1.523,1.564,2.319,0.445,9398.5,0.2324
2864.815,12.018,129.302,1.506,1.551,2.303,0.392,9399.0,0.2324
2864.968,11.977,128.951,1.496,1.539,2.284,0.393,9399.5,0.2324
2865.12,12.015,130.369,1.468,1.509,2.28,0.466,9400.0,0.2324
2865.272,12.031,132.63,1.469,1.513,2.298,0.54,9400.5,0.2324
2865.425,12.075,131.449,1.501,1.551,2.33,0.432,9401.0,0.2324
2865.577,12.128,129.162,1.501,1.55,2.351,0.382,9401.5,0.2324
2865.729,12.032,128.154,1.392,1.427,2.344,0.371,9402.0,0.2324
2865.882,12.043,128.575,1.348,1.374,2.321,0.374,9402.5,0.2324
2866.034,12.041,127.993,1.381,1.407,2.307,0.366,9403.0,69.3416
2866.187,12.008,126.432,1.431,1.465,2.307,0.36,9403.5,67.8634
2866.339,12.042,124.548,1.405,1.434,2.305,0.343,9404.0,69.3167
2866.492,12.083,124.021,1.388,1.414,2.298,0.378,9404.5,70.9414
2866.644,12.105,127.255,1.434,1.466,2.298,0.413,9405.0,69.8138
2866.796,12.097,129.945,1.484,1.523,2.308,0.407,9405.5,66.4399
2866.949,12.073,132.342,1.466,1.507,2.314,0.35,9406.0,63.8973
2867.101,11.979,126.321,1.395,1.429,2.308,0.33,9406.5,62.7131
2867.254,11.944,116.849,1.355,1.38,2.291,0.419,9407.0,0.2324
2867.406,11.874,109.645,1.356,1.377,2.272,0.581,9407.5,0.2324
2867.558,11.721,114.249,1.405,1.429,2.26,0.609,9408.0,0.2324
2867.711,11.814,123.649,1.428,1.457,2.26,0.51,9408.5,0.2324
2867.863,12.172,134.465,1.418,1.454,2.266,0.476,9409.0,0.2324
2868.016,12.146,132.324,1.354,1.394,2.267,0.453,9409.5,0.2324
3343.961,8.989,144.087,1.784,1.765,2.407,0.328,10971.0,0.2324
3344.113,8.951,143.704,1.675,1.639,2.418,0.354,10971.5,0.2324
3344.266,8.954,138.705,1.597,1.56,2.403,0.415,10972.0,20.6503
3344.418,8.927,134.374,1.555,1.481,2.374,0.458,10972.5,52.4716
3344.57,8.893,140.135,1.562,1.455,2.35,0.457,10973.0,109.172
3344.723,8.896,143.656,1.54,1.574,2.337,0.431,10973.5,116.577
3344.875,8.908,144.745,1.592,1.585,2.336,0.391,10974.0,66.641
3345.028,8.935,150.709,1.683,1.529,2.346,0.393,10974.5,0.2324
3345.18,8.92,149.477,1.693,1.577,2.358,0.362,10975.0,0.2324
3345.333,8.861,149.261,1.6,1.515,2.362,0.346,10975.5,0.2324
3345.485,8.784,147.811,1.533,1.445,2.361,0.342,10976.0,0.2324
3345.637,8.8,152.937,1.579,1.568,2.369,0.349,10976.5,0.2324
3345.79,8.815,152.304,1.624,1.554,2.38,0.377,10977.0,0.2324
3345.942,8.774,150.771,1.561,1.37,2.382,0.382,10977.5,0.2324
3346.094,8.741,153.777,1.475,1.362,2.373,0.368,10978.0,0.2324
3346.247,8.8,160.193,1.434,1.371,2.367,0.394,10978.5,0.2324
3346.399,8.803,162.105,1.412,1.536,2.366,0.451,10979.0,0.2324
3346.552,8.818,159.867,1.454,1.615,2.364,0.42,10979.5,0.2324
3392.424,10.51,156.649,1.199,1.247,2.326,0.379,11130.0,0.2324
3392.576,9.93,150.135,1.287,1.557,2.358,0.393,11130.5,0.2324
3392.729,9.423,144.751,1.27,1.282,2.379,0.377,11131.0,0.2324
3392.881,9.238,142.241,1.208,1.193,2.373,0.389,11131.5,0.2324
3393.034,9.187,138.763,1.17,1.144,2.353,0.387,11132.0,0.2324
3393.186,9.191,143.892,1.145,1.087,2.35,0.449,11132.5,0.2324
3393.338,9.373,147.844,1.115,1.085,2.374,0.422,11133.0,102.912
3393.491,9.412,150.497,1.022,0.967,2.395,0.436,11133.5,279.448
3393.643,8.916,144.566,0.934,0.859,2.386,0.401,11134.0,375.757
3393.796,8.607,150.639,0.893,0.839,2.366,0.404,11134.5,329.749
3393.948,8.802,153.195,0.892,0.845,2.364,0.421,11135.0,308.38
3394.1,9.273,162.327,0.893,0.86,2.366,0.414,11135.5,343.964
3394.253,9.442,166.639,0.875,0.84,2.343,0.408,11136.0,368.363
3394.405,9.564,162.098,0.865,0.809,2.306,0.443,11136.5,321.697
3394.558,9.77,163.076,0.868,0.776,2.296,0.484,11137.0,249.991
3394.71,9.933,162.639,0.877,0.794,2.322,0.515,11137.5,0.2324
3394.862,10.55,171.846,0.92,0.855,2.355,0.452,11138.0,0.2324
3395.015,10.458,176.474,0.959,0.924,2.373,0.431,11138.5,0.2324
3395.167,9.983,170.236,0.955,0.898,2.376,0.468,11139.0,0.2324
3395.32,10.443,177.838,0.919,0.873,2.373,0.414,11139.5,134.862
3395.472,10.458,163.219,0.892,0.848,2.363,0.498,11140.0,1401.21
3395.625,10.376,162.206,0.882,0.849,2.352,0.551,11140.5,1471.52
3395.777,10.074,165.029,0.9,0.845,2.345,0.774,11141.0,1472.4
3395.929,9.234,160.921,0.948,0.894,2.342,0.508,11141.5,1442.25
3396.082,9.028,168.842,0.985,0.934,2.344,0.433,11142.0,1481.61
3396.234,9.05,171.843,0.989,0.93,2.354,0.436,11142.5,1590.09
3396.386,9.093,171.612,0.996,0.972,2.366,0.449,11143.0,1683.22
3396.539,9.13,169.559,1.032,1.021,2.373,0.457,11143.5,1714.09
3396.691,9.141,169.591,1.055,0.991,2.375,0.456,11144.0,1681.97
3396.844,9.154,165.071,1.057,0.92,2.373,0.448,11144.5,1571.15
3396.996,9.154,162.389,1.037,0.872,2.36,0.44,11145.0,117.733
3397.148,9.146,160.105,1.009,0.957,2.336,0.408,11145.5,117.733
3397.301,9.134,156.895,0.978,1.002,2.321,0.43,11146.0,117.733
3397.453,9.134,154.086,0.961,0.84,2.327,0.435,11146.5,117.733
3397.606,9.135,152.7,0.961,1.023,2.349,0.435,11147.0,117.733
3397.758,9.128,151.036,0.963,0.932,2.371,0.447,11147.5,1514.48
3397.91,9.127,145.88,0.961,0.866,2.38,0.464,11148.0,1579.96
3398.063,9.129,143.97,0.95,0.936,2.381,0.475,11148.5,1470.47
3398.215,9.125,149.686,0.98,0.879,2.379,0.472,11149.0,1247.46
3398.368,9.121,150.572,1.015,0.944,2.377,0.46,11149.5,117.733
3398.52,9.191,151.941,0.99,0.92,2.374,0.417,11150.0,0.2324
3398.672,9.379,153.331,0.996,0.878,2.374,0.41,11150.5,0.2324
3398.825,9.25,148.572,0.981,0.888,2.375,0.422,11151.0,0.2324
3398.977,9.116,152.073,0.964,0.855,2.38,0.472,11151.5,0.2324
3399.13,9.133,152.103,1.0,0.914,2.388,0.41,11152.0,0.2324
3399.282,9.097,156.92,1.051,0.983,2.397,0.352,11152.5,0.2324
3399.434,9.045,155.5,1.093,1.077,2.403,0.362,11153.0,54.7277
3399.587,9.212,154.17,1.106,1.01,2.405,0.42,11153.5,66.8792
3399.739,9.434,159.952,1.087,0.961,2.405,0.477,11154.0,1043.84
3399.892,9.425,157.124,1.057,0.984,2.407,0.47,11154.5,1115.27
3400.044,9.395,160.532,1.081,0.997,2.414,0.451,11155.0,1293.1
3400.196,9.37,156.045,1.168,1.081,2.428,0.444,11155.5,1430.6
3400.349,9.312,160.517,1.238,1.141,2.443,0.451,11156.0,1307.4
3400.501,9.227,162.937,1.316,1.209,2.454,0.451,11156.5,0.2324
3400.654,9.102,161.769,1.424,1.319,2.461,0.439,11157.0,0.2324
3400.806,9.052,158.047,1.473,1.406,2.467,0.475,11157.5,0.2324
3400.958,9.096,153.517,1.439,1.364,2.474,0.463,11158.0,0.2324
3401.111,9.31,154.412,1.47,1.327,2.478,0.467,11158.5,0.2324
3401.263,9.437,156.687,1.54,1.327,2.479,0.433,11159.0,41.2833
3401.416,9.202,154.139,1.583,1.294,2.474,0.404,11159.5,45.7173
3401.568,9.1,156.435,1.6,1.444,2.468,0.367,11160.0,27.4829
3401.72,9.163,155.807,1.612,1.729,2.466,0.352,11160.5,0.2324
3401.873,9.13,148.551,1.638,1.577,2.464,0.391,11161.0,0.2324
3402.025,9.071,140.355,1.664,1.547,2.461,0.433,11161.5,0.2324
3402.177,9.061,138.517,1.67,1.549,2.459,0.437,11162.0,0.2324
3402.33,9.054,142.034,1.679,1.532,2.463,0.431,11162.5,0.2324
3402.482,9.061,144.084,1.699,1.574,2.464,0.401,11163.0,0.2324
3402.635,9.074,143.519,1.734,1.632,2.457,0.399,11163.5,0.2324
3402.787,9.068,147.509,1.767,1.64,2.448,0.396,11164.0,48.8547
3402.94,9.065,153.914,1.788,1.638,2.444,0.392,11164.5,60.4599
3403.092,9.057,157.452,1.845,1.818,2.444,0.391,11165.0,67.4964
3403.244,9.043,144.988,1.858,1.736,2.449,0.394,11165.5,60.815
3403.397,9.037,140.333,1.844,1.634,2.461,0.409,11166.0,0.2324
3403.549,9.024,139.585,1.789,1.608,2.473,0.399,11166.5,0.2324
3403.702,9.005,144.332,1.747,1.632,2.477,0.355,11167.0,0.2324
3403.854,9.01,143.456,1.733,1.678,2.477,0.379,11167.5,0.2324
3404.006,9.007,141.895,1.698,1.591,2.474,0.397,11168.0,0.2324
3404.159,8.99,141.831,1.641,1.518,2.461,0.371,11168.5,0.2324
3404.311,8.974,144.055,1.601,1.495,2.434,0.357,11169.0,0.2324
3404.464,8.958,146.917,1.551,1.428,2.409,0.39,11169.5,0.2324
3404.616,9.093,149.335,1.469,1.371,2.402,0.395,11170.0,0.2324
3408.578,9.053,153.029,1.44,1.281,2.439,0.335,11183.0,0.2324
3408.731,9.058,152.462,1.436,1.31,2.44,0.355,11183.5,0.2324
3408.883,9.062,152.827,1.443,1.339,2.439,0.406,11184.0,11.0349
3409.036,9.06,150.326,1.439,1.297,2.438,0.429,11184.5,17.6657
3409.188,9.064,150.044,1.426,1.262,2.438,0.405,11185.0,21.1427
3409.34,9.072,152.572,1.408,1.24,2.44,0.376,11185.5,16.471
3409.493,9.075,154.247,1.4,1.257,2.442,0.401,11186.0,0.2324
3409.645,9.083,152.318,1.411,1.262,2.444,0.394,11186.5,0.2324
3409.798,9.077,149.868,1.449,1.28,2.443,0.373,11187.0,0.2324
3409.95,9.068,151.159,1.491,1.25,2.442,0.387,11187.5,0.2324
3410.102,9.068,149.103,1.451,1.354,2.442,0.431,11188.0,0.2324
3410.255,9.058,145.77,1.349,1.404,2.44,0.416,11188.5,0.2324
3410.407,9.052,147.551,1.23,1.283,2.432,0.406,11189.0,0.2324
3410.56,9.065,157.457,1.09,1.11,2.422,0.406,11189.5,0.2324
3410.712,9.057,155.829,1.057,0.975,2.416,0.418,11190.0,0.2324
3410.865,9.05,155.22,1.086,0.887,2.415,0.404,11190.5,0.2324
3411.017,9.055,148.332,1.236,1.038,2.414,0.415,11191.0,0.2324
3411.169,9.061,149.791,1.411,1.222,2.413,0.427,11191.5,0.2324
3411.322,9.065,155.84,1.439,1.296,2.413,0.444,11192.0,0.2324
3411.474,9.066,156.121,1.463,1.288,2.413,0.436,11192.5,0.2324
3411.626,9.061,160.132,1.477,1.278,2.412,0.406,11193.0,0.2324
3411.779,9.061,160.171,1.484,1.346,2.413,0.424,11193.5,0.2324
3411.931,9.062,159.132,1.485,1.341,2.415,0.43,11194.0,113.229
3412.083,9.066,156.65,1.485,1.316,2.42,0.407,11194.5,173.632
3412.236,9.077,153.78,1.491,1.334,2.423,0.397,11195.0,144.347
3412.388,9.082,149.218,1.494,1.345,2.425,0.346,11195.5,109.525
3412.541,9.077,150.723,1.491,1.34,2.423,0.389,11196.0,104.32
3412.693,9.075,151.179,1.497,1.367,2.42,0.388,11196.5,99.0597
3412.846,9.075,148.533,1.5,1.355,2.42,0.411,11197.0,61.4518
3412.998,9.066,141.035,1.506,1.348,2.423,0.435,11197.5,0.2324
3413.15,9.063,140.693,1.488,1.306,2.422,0.428,11198.0,0.2324
3413.303,9.068,147.154,1.48,1.358,2.418,0.395,11198.5,0.2324
3413.455,9.068,150.311,1.447,1.265,2.417,0.34,11199.0,0.2324
3413.608,9.071,150.384,1.419,1.285,2.42,0.313,11199.5,0.2324
3413.76,9.074,147.089,1.393,1.185,2.422,0.329,11200.0,0.2324
3413.912,9.077,154.741,1.407,1.25,2.422,0.358,11200.5,0.2324
3414.065,9.079,159.199,1.448,1.307,2.421,0.378,11201.0,0.2324
3414.217,9.085,163.266,1.503,1.342,2.422,0.381,11201.5,121.711
3414.37,9.092,157.072,1.523,1.349,2.426,0.377,11202.0,2537.3301
3414.522,9.093,153.684,1.516,1.346,2.431,0.411,11202.5,3034.3301
3414.674,9.087,155.478,1.519,1.345,2.433,0.436,11203.0,3082.1299
3414.827,9.092,156.179,1.505,1.346,2.435,0.457,11203.5,2994.48
3414.979,9.089,149.591,1.503,1.355,2.438,0.454,11204.0,2915.28
3415.132,9.083,145.145,1.524,1.312,2.443,0.405,11204.5,2827.27
3415.284,9.084,147.274,1.529,1.31,2.447,0.366,11205.0,2764.0801
3415.436,9.076,147.136,1.531,1.405,2.448,0.356,11205.5,2727.6599
3415.589,9.062,152.368,1.528,1.367,2.446,0.361,11206.0,2663.55
3415.741,9.067,150.159,1.518,1.327,2.44,0.386,11206.5,2582.1699
3415.894,9.078,150.159,1.522,1.339,2.434,0.423,11207.0,2546.5701
3416.046,9.079,151.167,1.52,1.321,2.432,0.444,11207.5,2565.3101
3416.198,9.069,150.356,1.514,1.354,2.432,0.475,11208.0,2583.47
3416.351,9.065,149.323,1.516,1.295,2.432,0.487,11208.5,2587.29
3416.503,9.064,153.435,1.49,1.326,2.434,0.472,11209.0,2600.6101
3416.656,9.064,158.73,1.471,1.331,2.438,0.443,11209.5,2595.6101
3416.808,9.061,160.429,1.477,1.301,2.438,0.462,11210.0,2550.05
3416.96,9.063,147.291,1.504,1.338,2.433,0.477,11210.5,2522.79
3417.113,9.069,138.837,1.538,1.369,2.425,0.442,11211.0,2560.3999
3417.265,9.03,144.535,1.547,1.348,2.418,0.426,11211.5,2614.3401
3417.417,8.986,155.098,1.57,1.436,2.417,0.421,11212.0,2619.71
3417.57,9.006,159.24,1.584,1.471,2.418,0.404,11212.5,2563.1899
3417.722,9.044,150.822,1.594,1.386,2.42,0.384,11213.0,2454.02
3417.875,9.058,145.107,1.571,1.326,2.421,0.376,11213.5,2349.23
3418.027,9.058,144.45,1.531,1.35,2.421,0.385,11214.0,2355.72
3418.18,9.049,148.901,1.491,1.274,2.42,0.418,11214.5,2504.98
3418.332,9.033,151.907,1.493,1.248,2.418,0.417,11215.0,2681.23
3418.484,9.02,155.229,1.523,1.416,2.42,0.402,11215.5,2744.3999
3418.637,9.012,159.694,1.55,1.436,2.426,0.387,11216.0,2709.4199
3418.789,8.995,163.743,1.568,1.388,2.429,0.355,11216.5,2692.21
3418.942,8.971,162.701,1.558,1.378,2.424,0.345,11217.0,2740.71
3419.094,8.965,157.989,1.555,1.403,2.416,0.318,11217.5,2809.46
3419.246,8.971,151.74,1.566,1.417,2.414,0.336,11218.0,2837.24
3419.399,8.956,149.613,1.566,1.407,2.419,0.329,11218.5,2803.5801
3419.551,8.942,155.73,1.541,1.365,2.413,0.369,11219.0,2752.78
3419.704,8.919,163.59,1.508,1.343,2.394,0.352,11219.5,2755.24
3419.856,9.078,161.088,1.492,1.392,2.384,0.362,11220.0,2847.5
3420.008,9.33,163.022,1.516,1.379,2.402,0.363,11220.5,3032.8899
3420.161,9.101,149.129,1.56,1.368,2.428,0.398,11221.0,3257.28
3420.313,9.114,143.153,1.584,1.344,2.436,0.43,11221.5,3404.0901
3420.466,9.37,145.52,1.556,1.321,2.43,0.439,11222.0,3367.0701
3420.618,9.811,149.005,1.506,1.331,2.426,0.437,11222.5,3110.03
3420.771,10.107,152.547,1.461,1.267,2.426,0.426,11223.0,2745.02
3420.923,9.871,150.317,1.437,1.181,2.422,0.447,11223.5,2481.4299
3421.075,9.602,145.324,1.415,1.288,2.415,0.421,11224.0,2430.22
3421.228,9.372,141.181,1.454,1.591,2.41,0.387,11224.5,2496.45
3421.38,9.17,144.261,1.459,1.415,2.409,0.379,11225.0,2433.4099
3421.532,9.024,153.71,1.491,1.223,2.412,0.382,11225.5,2125.05
3421.685,8.994,156.422,1.531,1.413,2.417,0.4,11226.0,1741.16
3421.837,9.0,155.645,1.6,1.448,2.423,0.388,11226.5,1467.22
3421.99,9.022,154.149,1.696,1.546,2.426,0.376,11227.0,1337.29
3422.142,9.043,159.83,1.737,1.52,2.425,0.354,11227.5,1305.84
3422.294,9.047,166.416,1.689,1.493,2.421,0.314,11228.0,1328.28
3422.447,9.273,170.99,1.586,1.468,2.415,0.301,11228.5,1393.67
3422.599,9.748,172.396,1.496,1.374,2.403,0.308,11229.0,1523.73
3422.752,9.591,162.967,1.477,1.361,2.389,0.333,11229.5,1731.5
3422.904,9.037,147.114,1.522,1.398,2.38,0.396,11230.0,1954.12
3423.056,8.882,152.117,1.563,1.501,2.379,0.404,11230.5,2068.8201
3423.209,8.854,158.261,1.59,1.472,2.382,0.377,11231.0,2050.97
3423.361,8.934,160.409,1.587,1.388,2.379,0.349,11231.5,2016.3101
3423.514,9.01,151.071,1.568,1.444,2.379,0.347,11232.0,2035.4301
3423.666,9.02,145.108,1.633,1.515,2.391,0.332,11232.5,2059.6299
3423.818,8.986,143.719,1.687,1.547,2.414,0.332,11233.0,2057.78
3423.971,8.978,149.924,1.743,1.593,2.439,0.308,11233.5,2074.2
3424.123,9.065,160.231,1.746,1.592,2.45,0.32,11234.0,2131.3899
3424.276,9.049,167.388,1.715,1.511,2.451,0.329,11234.5,2208.1399
3424.428,8.982,166.359,1.739,1.575,2.449,0.359,11235.0,2317.6499
3424.58,8.985,167.345,1.776,1.651,2.448,0.384,11235.5,2504.1799
3424.733,8.984,165.359,1.747,1.578,2.446,0.434,11236.0,2679.29
3424.885,8.993,158.066,1.69,1.465,2.443,0.409,11236.5,2610.28
3425.038,8.984,157.243,1.715,1.541,2.442,0.393,11237.0,2308.1499
3425.19,8.973,160.385,1.765,1.476,2.449,0.354,11237.5,2103.0901
3425.342,8.969,162.71,1.802,1.55,2.457,0.355,11238.0,2219.3501
3425.495,8.953,157.295,1.851,1.685,2.462,0.36,11238.5,2609.52
3425.647,8.938,158.172,1.856,1.679,2.466,0.37,11239.0,2919.6499
3425.8,8.933,163.907,1.846,1.651,2.47,0.377,11239.5,2783.21
3425.952,8.932,166.656,1.852,1.653,2.474,0.374,11240.0,2317.75
3426.104,8.939,163.842,1.847,1.694,2.475,0.372,11240.5,1861.92
3426.257,8.945,154.827,1.818,1.648,2.475,0.386,11241.0,1571.5699
3426.409,9.285,151.326,1.785,1.596,2.476,0.371,11241.5,1431.36
3426.562,9.337,160.534,1.791,1.616,2.478,0.356,11242.0,1376.87
3426.714,8.932,158.7,1.826,1.643,2.477,0.389,11242.5,1358.59
3426.866,8.934,158.995,1.87,1.706,2.474,0.392,11243.0,1346.74
3427.019,8.925,160.616,1.879,1.707,2.471,0.4,11243.5,1326.28
3427.171,8.915,162.374,1.861,1.659,2.469,0.37,11244.0,1292.72
3427.323,8.935,156.271,1.856,1.559,2.467,0.343,11244.5,1265.51
3427.476,9.215,148.18,1.812,1.675,2.457,0.348,11245.0,1294.14
3427.628,9.14,144.988,1.7,1.699,2.435,0.364,11245.5,1413.58
3427.781,8.859,145.725,1.652,1.524,2.414,0.361,11246.0,1599.52
3427.933,8.854,162.224,1.684,1.514,2.411,0.34,11246.5,1782.9399
3428.086,8.849,162.649,1.753,1.587,2.428,0.338,11247.0,1929.13
3428.238,8.865,167.486,1.806,1.515,2.447,0.365,11247.5,2068.04
3428.39,8.885,148.996,1.844,1.543,2.459,0.399,11248.0,2202.8101
3428.543,9.081,148.197,1.789,1.602,2.465,0.4,11248.5,2283.29
3428.695,9.363,158.612,1.754,1.589,2.471,0.38,11249.0,2294.1799
3428.848,9.096,161.847,1.834,1.626,2.475,0.353,11249.5,2281.5901
3429.0,8.854,167.325,1.915,1.675,2.478,0.345,11250.0,2276.96
3429.152,8.856,175.874,1.902,1.684,2.479,0.327,11250.5,2258.2
3429.305,8.867,178.526,1.882,1.741,2.478,0.339,11251.0,2198.02
3429.457,8.87,175.898,1.889,1.791,2.474,0.341,11251.5,2099.0801
3429.61,8.874,167.234,1.895,1.848,2.467,0.348,11252.0,1962.79
3429.762,8.858,159.388,1.891,1.713,2.455,0.319,11252.5,1789.1
3429.914,8.802,153.938,1.909,1.592,2.431,0.33,11253.0,1632.09
3430.067,8.797,148.756,1.907,1.723,2.409,0.356,11253.5,1567.36
3430.219,8.842,146.569,1.914,1.827,2.412,0.403,11254.0,1606.98
3430.372,8.886,151.79,1.883,1.718,2.415,0.443,11254.5,1693.04
3430.524,9.251,161.231,1.676,1.514,2.345,0.444,11255.0,119.371
3430.677,10.28,162.53,1.436,1.322,2.193,0.484,11255.5,119.371
3430.829,11.547,156.961,1.333,1.217,2.054,0.48,11256.0,119.371
3430.981,11.638,144.275,1.334,1.174,2.028,0.475,11256.5,1657.62
3431.134,10.266,137.533,1.399,1.281,2.096,0.462,11257.0,1635.2
3431.286,9.539,148.048,1.554,1.424,2.194,0.463,11257.5,1486.05
3431.438,9.046,150.715,1.65,1.491,2.29,0.45,11258.0,1260.55
3431.591,8.77,158.362,1.644,1.569,2.375,0.428,11258.5,1100.88
3431.743,8.769,161.948,1.663,1.571,2.431,0.391,11259.0,1020.87
3431.896,8.754,154.727,1.761,1.552,2.451,0.344,11259.5,119.371
3437.534,8.566,166.739,2.456,2.105,2.463,0.338,11278.0,119.371
3437.687,8.583,170.751,2.461,2.249,2.465,0.322,11278.5,624.135
3437.839,8.573,167.984,2.377,2.238,2.461,0.305,11279.0,811.829
3437.992,8.546,162.125,2.318,2.103,2.457,0.319,11279.5,1217.24
3438.144,8.525,160.56,2.38,2.154,2.456,0.299,11280.0,1838.01
3438.296,8.549,164.99,2.457,2.223,2.457,0.3,11280.5,2270.03
3438.449,8.562,159.499,2.487,2.34,2.457,0.293,11281.0,2206.6299
3438.601,8.55,151.797,2.452,2.382,2.452,0.3,11281.5,1947.75
3438.754,8.524,142.51,2.305,2.082,2.44,0.319,11282.0,1730.04
3438.906,8.511,139.982,2.215,1.742,2.427,0.268,11282.5,1534.8101
3439.058,8.531,144.658,2.286,2.034,2.417,0.26,11283.0,1345.6801
3439.211,8.529,151.533,2.464,2.384,2.417,0.279,11283.5,1208.37
3439.363,8.534,160.43,2.52,2.313,2.428,0.312,11284.0,1123.86
3439.516,8.534,158.079,2.464,2.195,2.443,0.317,11284.5,1059.91
3439.668,8.523,159.602,2.426,2.205,2.453,0.316,11285.0,1024.3
3439.82,8.534,155.471,2.426,2.248,2.455,0.302,11285.5,1038.45
3439.973,8.543,154.582,2.439,2.216,2.455,0.319,11286.0,1075.01
3440.125,8.54,153.714,2.473,2.295,2.457,0.33,11286.5,1074.49
3440.278,8.541,151.536,2.481,2.316,2.461,0.314,11287.0,1033.21
3440.43,8.547,153.512,2.476,2.351,2.465,0.31,11287.5,1003.02
3440.583,8.533,155.091,2.437,2.28,2.463,0.317,11288.0,993.661
3440.735,8.521,155.066,2.384,2.188,2.456,0.305,11288.5,968.548
3440.887,8.529,151.534,2.38,2.21,2.451,0.279,11289.0,916.569
3441.04,8.542,148.176,2.497,2.326,2.452,0.272,11289.5,874.12
3441.192,8.538,147.449,2.645,2.446,2.457,0.275,11290.0,865.322
3441.344,8.533,146.763,2.669,2.499,2.463,0.305,11290.5,869.819
3441.497,8.519,148.378,2.595,2.402,2.465,0.34,11291.0,858.705
3441.649,8.508,152.223,2.438,2.281,2.459,0.369,11291.5,833.06
3441.802,8.496,156.652,2.323,2.197,2.45,0.382,11292.0,811.274
3441.954,8.489,160.429,2.269,2.13,2.445,0.339,11292.5,796.327
3442.106,8.494,161.48,2.29,2.136,2.448,0.339,11293.0,784.73
3442.259,8.509,166.007,2.413,2.232,2.452,0.316,11293.5,793.657
3442.411,8.518,163.886,2.554,2.35,2.452,0.292,11294.0,848.047
3442.564,8.522,159.092,2.66,2.463,2.446,0.269,11294.5,943.399
3442.716,8.509,150.17,2.67,2.487,2.439,0.253,11295.0,1026.27
3442.868,8.492,143.761,2.623,2.454,2.433,0.269,11295.5,1039.04
3443.021,8.492,140.169,2.605,2.431,2.425,0.296,11296.0,996.985
3443.173,8.495,140.108,2.588,2.401,2.416,0.304,11296.5,958.536
3443.326,8.455,144.539,2.542,2.421,2.41,0.292,11297.0,956.837
3443.478,8.46,151.98,2.515,2.333,2.414,0.283,11297.5,989.727
3443.63,8.491,158.892,2.542,2.35,2.425,0.299,11298.0,1029.66
3443.783,8.506,156.95,2.591,2.414,2.433,0.303,11298.5,1031.95
3443.935,8.498,147.5,2.576,2.407,2.432,0.293,11299.0,976.037
3444.088,8.488,140.842,2.553,2.39,2.427,0.288,11299.5,901.124
3444.24,8.488,141.399,2.518,2.31,2.424,0.31,11300.0,856.852
3444.392,8.5,147.751,2.513,2.391,2.426,0.32,11300.5,852.266
3444.545,8.518,154.896,2.516,2.376,2.431,0.326,11301.0,862.773
3444.697,8.509,158.378,2.492,2.302,2.434,0.321,11301.5,868.029
3444.85,8.497,147.128,2.401,2.23,2.437,0.35,11302.0,866.755
3445.002,8.504,141.128,2.333,2.17,2.438,0.363,11302.5,857.619
3445.154,8.531,141.819,2.374,2.203,2.439,0.377,11303.0,848.718
3445.307,8.557,149.374,2.582,2.388,2.439,0.354,11303.5,873.404
3445.459,8.562,157.401,2.771,2.608,2.438,0.359,11304.0,937.435
3445.612,8.547,154.875,2.82,2.646,2.438,0.334,11304.5,938.653
3445.764,8.533,152.281,2.734,2.55,2.44,0.319,11305.0,777.83
3445.917,8.533,152.655,2.651,2.473,2.444,0.295,11305.5,119.371
3446.069,8.546,149.788,2.499,2.34,2.445,0.305,11306.0,119.371
3446.221,8.518,157.85,2.387,2.309,2.444,0.309,11306.5,119.371
3446.374,8.497,155.604,2.308,2.201,2.445,0.296,11307.0,119.371
3446.526,8.493,158.636,2.272,2.069,2.448,0.306,11307.5,119.371
3446.678,8.493,150.622,2.232,2.073,2.454,0.336,11308.0,119.371
3446.831,8.522,148.109,2.207,2.155,2.461,0.364,11308.5,119.371
3446.983,8.528,155.173,2.199,2.068,2.466,0.363,11309.0,119.371
3447.135,8.501,157.445,2.193,2.008,2.47,0.368,11309.5,119.371
3447.288,8.5,165.742,2.166,1.996,2.47,0.367,11310.0,119.371
3447.44,8.519,157.623,2.146,2.008,2.468,0.352,11310.5,119.371
3447.593,8.517,155.055,2.147,1.962,2.464,0.35,11311.0,119.371
3447.745,8.49,153.535,2.159,1.938,2.458,0.352,11311.5,119.371
3447.898,8.473,154.91,2.129,2.0,2.453,0.387,11312.0,119.371
3448.05,8.465,148.535,2.122,2.015,2.45,0.338,11312.5,821.952
3448.202,8.47,144.818,2.163,1.994,2.45,0.338,11313.0,1166.8
3448.355,8.467,139.708,2.217,2.056,2.451,0.32,11313.5,1270.83
3448.507,8.456,149.643,2.244,2.09,2.447,0.326,11314.0,929.109
3448.66,8.464,152.96,2.249,2.087,2.441,0.369,11314.5,119.371
3448.812,8.475,160.346,2.227,2.075,2.44,0.376,11315.0,119.371
3448.964,8.463,155.286,2.196,2.053,2.445,0.358,11315.5,119.371
3449.117,8.457,154.743,2.182,2.048,2.452,0.339,11316.0,119.371
3449.269,8.467,157.566,2.214,2.089,2.456,0.304,11316.5,119.371
3462.528,8.516,162.078,2.315,2.338,2.436,0.286,11360.0,0.2324
3462.68,8.511,161.043,2.308,2.329,2.442,0.275,11360.5,33.8045
3462.833,8.524,159.383,2.271,2.169,2.445,0.288,11361.0,33.8531
3462.985,8.543,163.578,2.25,2.059,2.445,0.318,11361.5,21.7847
3463.138,8.555,164.791,2.252,2.261,2.444,0.333,11362.0,0.2324
3463.29,8.562,166.51,2.235,2.237,2.442,0.334,11362.5,0.2324
3463.442,8.553,165.386,2.165,2.087,2.436,0.333,11363.0,0.2324
3463.595,8.56,159.02,2.111,2.025,2.432,0.322,11363.5,0.2324
3463.747,8.564,154.873,2.109,2.0,2.44,0.322,11364.0,0.2324
3463.9,8.556,149.992,2.156,2.08,2.455,0.333,11364.5,0.2324
3464.052,8.537,152.464,2.148,2.096,2.462,0.346,11365.0,0.2324
3464.204,8.543,151.648,2.125,2.036,2.456,0.337,11365.5,0.2324
3464.357,8.554,157.413,2.091,2.025,2.448,0.339,11366.0,0.2324
3464.509,8.546,157.32,2.085,2.024,2.446,0.354,11366.5,0.2324
3464.662,8.542,160.931,2.11,2.014,2.448,0.358,11367.0,0.2324
3464.814,8.546,163.594,2.139,2.072,2.451,0.375,11367.5,0.2324
3464.966,8.565,165.923,2.141,2.055,2.456,0.359,11368.0,0.2324
3465.119,8.565,163.555,2.157,2.08,2.461,0.342,11368.5,0.2324
3465.271,8.561,160.86,2.191,2.12,2.461,0.327,11369.0,0.2324
3465.424,8.552,160.319,2.203,2.174,2.455,0.313,11369.5,0.2324
3465.576,8.537,159.419,2.201,2.173,2.445,0.303,11370.0,0.2324
3465.729,8.542,159.576,2.227,2.099,2.435,0.294,11370.5,0.2324
3465.881,8.541,162.033,2.259,2.203,2.431,0.319,11371.0,0.2324
3466.033,8.523,164.222,2.264,2.251,2.431,0.322,11371.5,8.0206
3466.186,8.512,165.558,2.278,2.23,2.43,0.315,11372.0,11.714
3466.338,8.525,165.261,2.334,2.275,2.426,0.314,11372.5,0.2324
3466.49,8.539,165.086,2.345,2.29,2.423,0.342,11373.0,0.2324
3466.643,8.526,166.427,2.314,2.268,2.422,0.349,11373.5,0.2324
3466.795,8.525,163.19,2.292,2.216,2.422,0.34,11374.0,0.2324
3466.948,8.523,160.835,2.304,2.123,2.423,0.333,11374.5,0.2324
3467.1,8.52,159.354,2.333,2.214,2.427,0.325,11375.0,0.2324
3467.252,8.524,158.11,2.346,2.273,2.431,0.309,11375.5,0.2324
3467.405,8.519,156.315,2.362,2.314,2.432,0.301,11376.0,0.2324
3467.557,8.528,156.666,2.412,2.334,2.431,0.295,11376.5,0.2324
3467.71,8.549,159.058,2.422,2.332,2.43,0.296,11377.0,0.2324
3467.862,8.543,165.858,2.361,2.332,2.433,0.32,11377.5,0.2324
3468.014,8.531,164.307,2.303,2.188,2.436,0.34,11378.0,0.2324
3468.167,8.533,165.218,2.245,2.258,2.438,0.357,11378.5,0.2324
3468.319,8.518,158.551,2.282,2.25,2.435,0.357,11379.0,0.2324
3468.472,8.528,154.145,2.241,2.05,2.427,0.32,11379.5,0.2324
3468.624,8.507,148.001,2.204,2.239,2.417,0.29,11380.0,0.2324
3468.776,8.489,144.355,2.226,2.136,2.414,0.288,11380.5,0.2324
3468.929,8.502,144.92,2.288,2.204,2.425,0.311,11381.0,0.2324
3469.081,8.531,145.525,2.381,2.306,2.445,0.326,11381.5,0.2324
3469.234,8.567,145.113,2.384,2.201,2.465,0.331,11382.0,0.2324
3469.386,8.552,155.428,2.419,2.479,2.477,0.329,11382.5,0.2324
3469.538,8.538,157.432,2.316,2.856,2.478,0.312,11383.0,0.2324
3469.691,8.525,154.227,2.194,1.857,2.468,0.299,11383.5,22.5364
3469.843,8.495,148.609,2.142,1.873,2.454,0.293,11384.0,25.3558
3469.996,8.51,149.672,2.211,2.215,2.445,0.308,11384.5,22.5154
3470.148,8.54,150.539,2.267,2.404,2.444,0.322,11385.0,0.2324
3470.3,8.536,151.485,2.192,2.187,2.447,0.32,11385.5,0.2324
3470.453,8.506,147.782,2.177,1.813,2.448,0.309,11386.0,0.2324
3470.605,8.517,149.1,2.189,1.942,2.448,0.298,11386.5,0.2324
3470.758,8.547,148.12,2.286,2.142,2.451,0.301,11387.0,0.2324
3470.91,8.539,149.345,2.246,2.081,2.455,0.302,11387.5,0.2324
3471.062,8.515,153.953,2.145,2.095,2.455,0.304,11388.0,0.2324
3471.215,8.514,159.618,2.141,2.046,2.453,0.308,11388.5,0.2324
3471.367,8.517,162.478,2.159,2.043,2.454,0.315,11389.0,0.2324
3471.52,8.515,163.344,2.196,2.137,2.46,0.323,11389.5,0.2324
3471.672,8.532,157.523,2.159,1.993,2.467,0.331,11390.0,0.2324
3471.824,8.543,159.683,2.143,2.058,2.473,0.338,11390.5,0.2324
3471.977,8.549,157.094,2.083,1.978,2.477,0.316,11391.0,0.2324
3472.129,8.569,157.398,2.047,1.912,2.476,0.317,11391.5,0.2324
3472.281,8.59,155.947,2.108,1.981,2.469,0.332,11392.0,0.2324
3472.434,8.609,156.005,2.172,2.221,2.46,0.348,11392.5,0.2324
3472.586,8.618,153.303,2.185,2.103,2.455,0.357,11393.0,0.2324
3472.739,8.632,154.822,2.16,1.83,2.456,0.364,11393.5,0.2324
3472.891,8.642,152.567,2.135,2.017,2.455,0.364,11394.0,0.2324
3473.044,8.631,150.008,2.096,2.045,2.449,0.361,11394.5,0.2324
3473.196,8.637,148.177,2.039,1.897,2.443,0.363,11395.0,0.2324
3473.348,8.673,146.635,1.988,1.874,2.443,0.34,11395.5,0.2324
3473.501,8.745,152.598,2.003,1.87,2.449,0.325,11396.0,0.2324
3473.653,8.754,153.935,2.011,1.91,2.457,0.341,11396.5,0.2324
3473.806,8.711,159.069,1.986,1.96,2.466,0.359,11397.0,0.2324
3473.958,8.707,159.924,1.994,1.958,2.473,0.353,11397.5,0.2324
3474.11,8.757,157.809,2.059,1.972,2.474,0.343,11398.0,0.2324
3474.263,8.779,152.267,2.097,2.019,2.467,0.324,11398.5,0.2324
3474.415,8.773,151.342,2.098,1.951,2.46,0.322,11399.0,0.2324
3474.568,8.756,150.946,2.086,1.863,2.458,0.321,11399.5,0.2324
3474.72,8.761,155.864,2.086,1.977,2.459,0.335,11400.0,0.2324
3474.872,8.773,154.715,2.042,2.006,2.459,0.34,11400.5,0.2324
3475.025,8.694,154.65,2.017,1.881,2.455,0.338,11401.0,0.2324
3475.177,8.688,155.153,1.995,2.003,2.453,0.332,11401.5,0.2324
3475.33,8.749,156.43,1.987,1.84,2.458,0.342,11402.0,0.2324
3475.482,8.726,154.294,1.989,2.06,2.466,0.324,11402.5,0.2324
3475.635,8.677,147.853,2.021,1.84,2.471,0.3,11403.0,0.2324
3475.787,8.66,144.883,2.054,1.874,2.47,0.324,11403.5,0.2324
3475.939,8.675,148.57,2.097,2.01,2.465,0.336,11404.0,0.2324
3476.092,8.726,149.513,2.14,2.037,2.464,0.343,11404.5,0.2324
3476.244,8.739,150.307,2.137,2.218,2.467,0.317,11405.0,0.2324
3476.396,8.713,149.561,2.098,2.139,2.467,0.324,11405.5,0.2324
3476.549,8.701,154.054,2.078,1.965,2.461,0.326,11406.0,0.2324
3476.701,8.654,156.446,2.083,1.948,2.451,0.321,11406.5,0.2324
3476.854,8.593,157.857,2.058,2.022,2.436,0.288,11407.0,0.2324
3477.006,8.594,148.771,2.033,1.987,2.419,0.275,11407.5,0.2324
3477.158,8.637,147.87,2.117,2.054,2.411,0.268,11408.0,0.2324
3477.311,8.658,142.186,2.354,2.202,2.414,0.277,11408.5,0.2324
3477.463,8.684,146.343,2.447,2.75,2.419,0.284,11409.0,62.1167
3477.615,8.682,144.223,2.115,2.817,2.411,0.277,11409.5,221.566
3477.768,8.599,143.082,1.856,1.807,2.392,0.258,11410.0,300.326
3477.92,8.587,143.758,1.874,1.693,2.383,0.259,11410.5,134.714
3478.073,8.663,143.032,2.027,1.992,2.395,0.256,11411.0,0.2324
3478.225,8.709,145.913,2.309,2.391,2.42,0.281,11411.5,0.2324
3478.378,8.759,149.384,2.382,2.39,2.44,0.325,11412.0,0.2324
3478.53,8.8,150.421,2.365,2.251,2.446,0.368,11412.5,0.2324
3478.682,8.819,148.896,2.322,2.27,2.443,0.353,11413.0,0.2324
3478.835,8.756,149.699,2.201,2.419,2.44,0.341,11413.5,0.2324
3478.987,8.71,149.929,2.227,2.339,2.439,0.331,11414.0,0.2324
3479.14,8.67,148.309,2.355,2.257,2.43,0.307,11414.5,0.2324
3479.292,8.577,143.725,2.145,2.101,2.404,0.25,11415.0,0.2324
3479.444,8.459,139.729,1.863,1.906,2.364,0.226,11415.5,0.2324
3479.597,8.453,134.155,1.681,1.844,2.328,0.22,11416.0,0.2324
3479.749,8.423,129.387,1.573,1.542,2.306,0.232,11416.5,0.2324
3479.902,8.394,128.191,1.587,1.455,2.302,0.256,11417.0,0.2324
3480.054,8.433,132.561,1.865,1.769,2.322,0.285,11417.5,0.2324
3480.206,8.494,136.387,2.341,2.279,2.363,0.31,11418.0,0.2324
3480.359,8.562,144.063,2.653,2.535,2.408,0.317,11418.5,0.2324
3480.511,8.569,144.893,2.902,3.223,2.428,0.297,11419.0,0.2324
3480.664,8.495,141.899,2.279,2.612,2.415,0.275,11419.5,0.2324
3480.816,8.425,139.828,1.901,2.189,2.387,0.254,11420.0,60.1644
3480.969,8.431,138.178,1.756,2.097,2.371,0.249,11420.5,75.338
3481.121,8.494,139.743,2.089,2.534,2.376,0.254,11421.0,69.729
3481.273,8.514,141.274,2.672,2.852,2.384,0.249,11421.5,0.2324
3481.426,8.406,136.865,2.519,2.756,2.368,0.239,11422.0,0.2324
3481.578,8.341,130.359,2.006,2.24,2.322,0.243,11422.5,0.2324
3481.73,8.355,126.787,1.606,1.764,2.27,0.253,11423.0,0.2324
3481.883,8.393,131.311,1.617,1.808,2.251,0.26,11423.5,0.2324
3482.035,8.418,135.966,1.891,1.939,2.277,0.265,11424.0,120.772
3482.188,8.405,137.861,2.037,2.011,2.325,0.26,11424.5,95.8408
3482.34,8.414,137.527,1.993,2.272,2.365,0.262,11425.0,68.2546
3482.492,8.46,134.665,2.293,2.247,2.392,0.253,11425.5,0.2324
3482.645,8.51,132.704,2.589,2.798,2.406,0.251,11426.0,0.2324
3482.797,8.467,136.839,2.48,2.589,2.404,0.251,11426.5,0.2324
3482.95,8.414,137.751,2.171,2.569,2.389,0.25,11427.0,0.2324
3483.102,8.459,140.635,2.1,2.281,2.373,0.258,11427.5,0.2324
3483.254,8.429,144.331,2.067,2.25,2.365,0.281,11428.0,0.2324
3483.407,8.374,144.747,2.02,2.346,2.361,0.287,11428.5,0.2324
3483.559,8.384,145.623,2.067,2.355,2.358,0.268,11429.0,0.2324
3483.712,8.41,141.284,2.25,2.535,2.355,0.262,11429.5,0.2324
3483.864,8.417,142.331,2.14,2.379,2.353,0.27,11430.0,0.2324
3484.016,8.423,143.276,1.975,2.117,2.356,0.286,11430.5,0.2324
3484.169,8.477,143.333,2.249,2.337,2.37,0.303,11431.0,0.2324
3484.321,8.504,143.047,2.612,2.826,2.393,0.291,11431.5,0.2324
3484.474,8.497,143.551,2.424,3.445,2.41,0.29,11432.0,0.2324
3484.626,8.42,145.116,2.067,2.691,2.411,0.27,11432.5,0.2324
3484.778,8.338,147.422,1.992,2.128,2.397,0.268,11433.0,0.2324
3484.931,8.351,146.81,2.023,2.208,2.377,0.27,11433.5,0.2324
3485.083,8.385,145.383,2.115,2.344,2.354,0.261,11434.0,0.2324
3485.236,8.371,140.086,1.868,2.049,2.335,0.255,11434.5,0.2324
3522.269,8.685,146.564,2.376,2.213,2.477,0.349,11556.0,0.2324
3522.421,8.67,154.263,2.334,2.19,2.476,0.378,11556.5,0.2324
3522.573,8.641,156.064,2.264,2.053,2.475,0.381,11557.0,0.2324
3522.726,8.622,154.067,2.256,2.067,2.474,0.371,11557.5,0.2324
3522.878,8.622,149.415,2.242,2.45,2.473,0.362,11558.0,0.2324
3523.031,8.642,147.809,2.128,2.371,2.471,0.379,11558.5,0.2324
3523.183,8.619,147.071,1.918,1.8,2.467,0.342,11559.0,0.2324
3523.336,8.614,152.12,1.864,1.57,2.469,0.344,11559.5,0.2324
3523.488,8.631,149.973,2.014,1.864,2.478,0.342,11560.0,0.2324
3523.64,8.662,151.43,2.233,2.119,2.493,0.361,11560.5,0.2324
3523.793,8.68,151.107,2.349,2.265,2.508,0.375,11561.0,0.2324
3523.945,8.69,148.03,2.413,2.319,2.517,0.378,11561.5,0.2324
3524.098,8.689,151.953,2.387,1.894,2.514,0.405,11562.0,0.2324
3524.25,8.674,155.451,2.34,2.066,2.499,0.454,11562.5,0.2324
3524.402,8.667,158.505,2.165,2.157,2.485,0.491,11563.0,0.2324
3524.555,8.659,162.069,1.939,1.665,2.481,0.446,11563.5,0.2324
3524.707,8.664,157.976,1.759,1.646,2.482,0.424,11564.0,0.2324
3524.86,8.689,155.488,1.648,1.602,2.48,0.419,11564.5,0.2324
3525.012,8.705,155.25,1.615,1.53,2.474,0.42,11565.0,0.2324
3525.164,8.706,160.546,1.603,1.682,2.472,0.432,11565.5,0.2324
3525.317,8.706,158.14,1.487,1.354,2.477,0.407,11566.0,0.2324
3525.469,8.696,157.989,1.388,1.175,2.484,0.415,11566.5,0.2324
3525.622,8.704,158.232,1.452,1.283,2.486,0.399,11567.0,0.2324
3525.774,8.711,156.776,1.598,1.426,2.48,0.385,11567.5,0.2324
3525.927,8.702,153.505,1.764,1.627,2.471,0.373,11568.0,0.2324
3526.079,8.71,150.887,1.85,1.523,2.47,0.365,11568.5,0.2324
3526.231,8.722,152.725,1.99,1.764,2.475,0.356,11569.0,0.2324
3526.384,8.723,151.954,2.053,1.876,2.479,0.354,11569.5,0.2324
3526.536,8.729,151.428,1.965,1.831,2.474,0.376,11570.0,0.2324
3526.688,8.742,150.71,1.865,1.79,2.46,0.412,11570.5,0.2324
3526.841,8.752,150.756,1.781,1.668,2.448,0.435,11571.0,0.2324
3526.993,8.755,149.928,1.761,1.558,2.444,0.415,11571.5,0.2324
3527.146,8.757,148.234,1.836,1.622,2.446,0.398,11572.0,0.2324
3527.298,8.757,151.192,1.872,1.787,2.446,0.41,11572.5,0.2324
3527.45,8.75,152.99,1.85,1.629,2.441,0.419,11573.0,0.2324
3527.603,8.745,150.288,1.843,1.7,2.44,0.403,11573.5,0.2324
3527.755,8.743,149.276,1.934,1.772,2.454,0.387,11574.0,0.2324
3527.908,8.74,151.062,1.926,1.736,2.476,0.384,11574.5,0.2324
3528.06,8.739,153.753,1.842,1.583,2.49,0.386,11575.0,0.2324
3528.212,8.734,159.214,1.829,1.623,2.49,0.389,11575.5,0.2324
3528.365,8.731,155.542,1.897,1.684,2.485,0.39,11576.0,0.2324
3528.517,8.736,164.241,1.959,1.734,2.481,0.402,11576.5,0.2324
3528.67,8.741,162.507,1.976,1.78,2.48,0.387,11577.0,0.2324
3528.822,8.744,165.239,1.98,1.764,2.478,0.375,11577.5,0.2324
3528.974,8.745,162.974,1.958,1.783,2.473,0.368,11578.0,0.2324
3529.127,8.738,162.791,1.961,1.767,2.469,0.392,11578.5,0.2324
3529.279,8.731,162.036,1.969,1.778,2.467,0.394,11579.0,0.2324
3529.432,8.726,159.779,1.978,1.79,2.465,0.394,11579.5,0.2324
3529.584,8.72,154.908,1.973,1.743,2.463,0.403,11580.0,0.2324
3529.736,8.724,151.651,1.947,1.763,2.462,0.396,11580.5,0.2324
3529.889,8.738,152.949,1.944,1.758,2.463,0.378,11581.0,0.2324
3530.041,8.739,155.935,1.966,1.764,2.464,0.371,11581.5,0.2324
3530.194,8.724,155.863,1.982,1.802,2.465,0.376,11582.0,0.2324
3530.346,8.721,154.678,1.981,1.761,2.47,0.39,11582.5,0.2324
3530.498,8.709,150.993,1.951,1.748,2.479,0.406,11583.0,0.2324
3530.651,8.708,152.058,1.913,1.743,2.485,0.41,11583.5,0.2324
3530.803,8.719,152.948,1.9,1.707,2.482,0.386,11584.0,0.2324
3530.956,8.721,155.064,1.891,1.741,2.47,0.368,11584.5,0.2324
3531.108,8.727,155.633,1.866,1.723,2.458,0.367,11585.0,0.2324
3531.26,8.724,154.728,1.851,1.654,2.454,0.414,11585.5,0.2324
3531.413,8.711,152.593,1.841,1.662,2.455,0.389,11586.0,0.2324
3531.565,8.693,151.951,1.848,1.71,2.455,0.396,11586.5,0.2324
3531.718,8.681,151.672,1.83,1.658,2.454,0.398,11587.0,0.2324
3531.87,8.677,149.343,1.812,1.621,2.452,0.406,11587.5,10.8459
3532.022,8.676,144.594,1.786,1.614,2.446,0.423,11588.0,738.975
3532.175,8.681,149.947,1.745,1.6,2.441,0.437,11588.5,894.016
3532.327,8.673,145.133,1.746,1.604,2.44,0.443,11589.0,1129.0
3532.479,8.665,142.375,1.791,1.617,2.447,0.44,11589.5,1369.4
3532.632,8.665,141.782,1.81,1.632,2.458,0.429,11590.0,1513.4
3532.784,8.659,146.029,1.788,1.631,2.467,0.424,11590.5,1610.9301
3532.937,8.651,146.788,1.746,1.574,2.469,0.405,11591.0,1714.79
3533.089,8.646,150.572,1.729,1.568,2.464,0.398,11591.5,1818.97
3533.242,8.642,147.74,1.745,1.685,2.461,0.404,11592.0,1918.35
3533.394,8.641,149.346,1.744,1.684,2.465,0.406,11592.5,2020.22
3533.546,8.64,145.83,1.731,1.489,2.473,0.391,11593.0,2098.73
3533.699,8.639,148.004,1.716,1.63,2.475,0.372,11593.5,2125.9299
3533.851,8.637,152.497,1.71,1.594,2.468,0.384,11594.0,2104.0801
3534.004,8.626,155.721,1.684,1.588,2.457,0.377,11594.5,2045.12
3534.156,8.626,159.572,1.671,1.523,2.449,0.381,11595.0,1966.77
3534.308,8.639,161.856,1.647,1.508,2.444,0.393,11595.5,1899.25
3534.461,8.639,160.158,1.625,1.504,2.44,0.398,11596.0,1886.08
3534.613,8.632,154.927,1.6,1.403,2.434,0.382,11596.5,1959.21
3534.766,8.619,158.939,1.551,1.334,2.426,0.361,11597.0,2104.3799
3534.918,8.606,161.116,1.478,1.284,2.418,0.355,11597.5,2244.47
3535.07,8.601,159.478,1.397,1.298,2.416,0.358,11598.0,2274.4299
3535.223,8.608,156.059,1.337,1.272,2.418,0.379,11598.5,2168.6599
3535.375,8.608,155.228,1.323,1.199,2.421,0.391,11599.0,2000.1899
3535.528,8.599,154.662,1.314,1.173,2.423,0.413,11599.5,1845.6899
3535.68,8.596,153.631,1.318,1.208,2.423,0.428,11600.0,1743.11
3535.833,8.593,146.845,1.352,1.147,2.426,0.44,11600.5,1704.63
3535.985,8.59,151.919,1.406,1.306,2.434,0.415,11601.0,1711.6801
3536.137,8.585,155.514,1.508,1.396,2.445,0.38,11601.5,1716.12
3536.29,8.578,151.684,1.583,1.468,2.458,0.365,11602.0,1695.87
3536.442,8.57,146.466,1.655,1.534,2.477,0.371,11602.5,1675.01
3536.594,8.574,142.189,1.69,1.545,2.502,0.385,11603.0,1994.1801
3536.747,8.584,144.253,1.677,1.527,2.521,0.375,11603.5,1960.12
3536.899,8.589,148.999,1.591,1.52,2.518,0.379,11604.0,1884.03
3537.052,8.589,151.32,1.495,1.397,2.494,0.396,11604.5,1770.1801
3537.204,8.592,146.21,1.442,1.358,2.467,0.398,11605.0,1632.72
3537.356,8.589,142.817,1.434,1.345,2.451,0.405,11605.5,1503.8199
3537.509,8.586,145.124,1.484,1.375,2.446,0.419,11606.0,1427.53
3537.661,8.596,150.591,1.6,1.486,2.443,0.423,11606.5,1398.38
3537.814,8.599,145.693,1.711,1.595,2.442,0.366,11607.0,1353.1899
3537.966,8.581,138.244,1.758,1.615,2.445,0.343,11607.5,1259.88
3538.118,8.565,137.71,1.786,1.644,2.455,0.332,11608.0,1153.76
3538.271,8.573,142.801,1.827,1.711,2.463,0.323,11608.5,1086.16
3538.423,8.594,144.168,1.861,1.673,2.465,0.337,11609.0,1092.15
3538.576,8.602,144.035,1.844,1.558,2.46,0.36,11609.5,1179.67
3538.728,8.569,147.925,1.707,1.553,2.451,0.376,11610.0,1300.04
3538.88,8.533,148.952,1.619,1.598,2.443,0.38,11610.5,1348.0699
3539.033,8.529,153.851,1.544,1.37,2.442,0.379,11611.0,1289.71
3539.185,8.539,158.168,1.538,1.472,2.445,0.391,11611.5,1231.53
3539.338,8.546,157.919,1.567,1.522,2.445,0.398,11612.0,1284.16
3539.49,8.54,154.595,1.588,1.498,2.439,0.399,11612.5,1473.47
3539.642,8.518,150.52,1.616,1.538,2.43,0.395,11613.0,1741.97
3539.795,8.479,146.406,1.62,1.631,2.427,0.331,11613.5,1954.6899
3539.947,8.426,124.484,1.615,1.549,2.42,0.308,11614.0,2009.77
3540.1,8.368,94.541,1.836,1.64,2.386,0.262,11614.5,1955.3199
3540.252,8.329,73.794,2.38,2.076,2.323,0.221,11615.0,1896.83
3540.404,8.313,63.878,3.004,2.948,2.258,0.194,11615.5,1885.55
3540.557,8.311,65.967,2.949,3.093,2.227,0.206,11616.0,1881.25
3540.709,8.341,79.357,2.092,2.394,2.225,0.244,11616.5,1854.77
3540.862,8.543,112.216,1.533,1.466,2.24,0.317,11617.0,1801.4301
3541.014,8.671,130.554,1.31,1.237,2.269,0.339,11617.5,1712.72
3541.167,8.471,137.547,1.254,1.181,2.305,0.368,11618.0,1598.98
3541.319,8.36,132.038,1.27,1.303,2.33,0.425,11618.5,1482.36
3541.471,8.227,127.0,1.246,1.196,2.335,0.468,11619.0,1387.78
3541.624,8.281,126.652,1.226,1.178,2.335,0.44,11619.5,1340.5699
3541.776,8.417,127.072,1.225,1.268,2.354,0.444,11620.0,1342.5601
3541.928,8.427,133.438,1.271,1.169,2.4,0.458,11620.5,1368.9
3542.081,8.428,138.388,1.388,1.286,2.45,0.467,11621.0,1386.15
3542.233,8.46,142.1,1.497,1.468,2.476,0.445,11621.5,1381.16
3542.385,8.508,142.715,1.569,1.512,2.471,0.43,11622.0,1356.49
3542.538,8.519,151.09,1.685,1.576,2.458,0.376,11622.5,1316.45
3542.69,8.52,155.152,1.758,1.676,2.451,0.378,11623.0,1272.9
3542.843,8.526,155.633,1.742,1.781,2.444,0.374,11623.5,1240.98
3542.995,8.483,154.351,1.602,1.618,2.431,0.39,11624.0,1228.34
3543.148,8.462,158.49,1.46,1.432,2.415,0.378,11624.5,1228.55
3543.3,8.481,154.942,1.393,1.334,2.408,0.373,11625.0,1239.25
3543.452,8.468,140.496,1.564,1.437,2.409,0.357,11625.5,1280.73
3546.043,8.556,130.923,1.964,1.664,2.466,0.316,11634.0,117.733
3546.196,8.52,131.671,1.982,1.78,2.467,0.298,11634.5,117.733
3546.348,8.502,130.654,1.957,1.791,2.475,0.32,11635.0,687.879
3546.5,8.545,133.14,1.914,1.447,2.485,0.342,11635.5,820.628
3546.653,8.609,136.794,1.816,1.444,2.471,0.332,11636.0,964.668
3546.805,8.642,142.343,1.754,1.938,2.431,0.351,11636.5,1133.48
3546.958,8.636,143.127,1.779,1.765,2.398,0.362,11637.0,1200.05
3547.11,8.601,138.44,1.894,1.26,2.404,0.352,11637.5,1062.72
3547.262,8.58,136.299,2.161,1.589,2.433,0.34,11638.0,847.714
3547.415,8.61,139.687,2.028,1.962,2.453,0.34,11638.5,727.987
3547.567,8.65,144.99,1.764,1.597,2.454,0.338,11639.0,732.874
3547.719,8.658,149.159,1.757,1.625,2.449,0.338,11639.5,117.733
3547.872,8.588,144.998,1.757,1.794,2.448,0.355,11640.0,117.733
3548.024,8.53,141.059,1.716,1.557,2.448,0.367,11640.5,117.733
3548.177,8.518,134.876,1.63,1.538,2.446,0.366,11641.0,117.733
3548.329,8.528,135.491,1.62,1.385,2.445,0.355,11641.5,117.733
3560.369,8.577,148.368,0.953,0.963,2.393,0.43,11681.0,117.733
3560.521,8.573,148.484,0.938,0.96,2.392,0.447,11681.5,117.733
3560.674,8.574,147.135,0.924,0.956,2.389,0.473,11682.0,613.237
3560.826,8.581,143.222,0.933,0.967,2.387,0.498,11682.5,732.681
3560.979,8.584,142.173,0.952,0.987,2.388,0.508,11683.0,830.972
3561.131,8.585,142.15,0.979,1.035,2.388,0.488,11683.5,872.657
3561.283,8.583,141.955,1.005,1.095,2.385,0.456,11684.0,837.352
3561.436,8.573,143.014,1.039,1.082,2.383,0.437,11684.5,766.404
3561.588,8.562,140.825,1.072,1.119,2.384,0.423,11685.0,790.715
3561.74,8.561,142.579,1.098,1.159,2.386,0.389,11685.5,1015.9
3561.893,8.555,143.526,1.118,1.191,2.389,0.402,11686.0,1412.29
3562.045,8.544,141.683,1.155,1.244,2.394,0.38,11686.5,1537.3199
3562.198,8.541,136.046,1.198,1.288,2.4,0.391,11687.0,1115.11
3562.35,8.538,132.143,1.224,1.306,2.4,0.396,11687.5,648.381
3562.502,8.54,132.509,1.222,1.289,2.393,0.399,11688.0,117.733
3562.655,8.542,133.177,1.216,1.294,2.387,0.421,11688.5,117.733
3562.807,8.545,138.68,1.207,1.268,2.384,0.453,11689.0,117.733
3562.96,8.539,137.803,1.208,1.285,2.384,0.436,11689.5,117.733
