DEPT,DEN,DT,GR,NEUT,RES_DEP,NEU
7681.5,2.2382,137.507,39.0321,0.5983,,
7682.0,2.2382,137.507,39.0321,0.5983,,
7682.5,2.2382,137.507,39.0321,0.5983,0.9332,
7683.0,2.2382,137.507,39.0321,0.5983,0.9332,
7683.5,2.2382,137.507,39.0321,0.5983,0.9332,
7684.0,2.2382,137.507,39.0321,0.5983,0.9332,
7684.5,2.2382,137.507,39.0321,0.5983,0.9332,
7685.0,2.2382,137.507,39.0321,0.5983,0.9332,
7685.5,2.2382,137.507,39.0321,0.5983,0.9332,
7686.0,2.2382,137.507,39.0321,0.5983,0.9332,
7686.5,2.2382,137.507,39.0321,0.5983,0.9332,
7687.0,2.2382,137.507,39.0321,0.5983,0.9332,
7687.5,2.2382,137.507,39.0321,0.5983,0.9332,
7688.0,2.2382,137.507,39.0321,0.5983,0.9332,
7688.5,2.2382,137.507,39.0321,0.5983,0.9332,
7689.0,2.2382,137.507,39.0321,0.5983,0.9332,
7689.5,2.2382,137.507,39.0321,0.5983,0.9332,
7690.0,2.2382,137.507,39.0321,0.5983,0.9332,
7690.5,2.2382,137.507,39.0321,0.5983,0.9332,
7691.0,2.2382,137.507,39.0321,0.5983,0.9332,
7691.5,2.2382,137.507,39.0321,0.5983,0.9332,
7692.0,2.2382,137.507,39.0321,0.5983,0.9332,
7692.5,2.2382,137.507,39.0321,0.5983,0.9332,
7693.0,2.2382,137.507,39.0321,0.5983,0.9332,
7693.5,2.2382,137.507,39.0321,0.5983,0.9332,
7694.0,2.2382,137.507,39.0321,0.5983,0.9332,
7694.5,2.2382,137.507,39.0321,0.5983,0.9332,
7695.0,2.2382,137.507,39.0321,0.5983,0.9332,
7695.5,2.2382,137.507,39.0321,0.5983,0.9332,
7696.0,2.2382,137.507,39.0321,0.5983,0.9332,
7696.5,2.2382,137.507,39.0321,0.5983,0.9332,
7697.0,2.2382,137.507,39.0321,0.5983,0.9332,
7697.5,2.2382,137.507,39.0321,0.5983,0.9332,
7698.0,2.2382,137.507,39.0321,0.5983,0.9332,
7698.5,2.2382,137.507,39.0321,0.5983,0.9332,
7699.0,2.2382,137.507,39.0321,0.5983,0.9332,
7699.5,2.2382,137.507,39.0321,0.5983,0.9332,
7700.0,2.2382,137.507,39.0321,0.5983,0.9332,
7700.5,2.2382,137.507,39.0321,0.5983,0.9332,
7701.0,2.2382,137.507,39.0321,0.5983,0.9332,
7701.5,2.2382,137.507,39.0321,0.5983,0.9332,
7702.0,2.2382,137.507,39.0321,0.5983,0.9332,
7702.5,2.2382,137.507,39.0321,0.5983,0.9332,
7703.0,2.2382,137.507,39.0321,0.5983,0.9332,
7703.5,2.2382,137.507,39.0321,0.5983,0.9332,
7704.0,2.2382,137.507,39.0321,0.5983,0.9332,
7704.5,2.2382,137.507,39.0321,0.5983,0.9332,
7705.0,2.2382,137.507,39.0321,0.5983,0.9332,
7705.5,2.2382,137.507,39.0321,0.5983,0.9332,
7706.0,2.2382,137.507,39.0321,0.5983,0.9332,
7706.5,2.2382,137.507,39.0321,0.5983,0.9332,
7707.0,2.2382,137.507,39.0321,0.5983,0.9332,
7707.5,2.2382,137.507,39.0321,0.5983,0.9332,
7708.0,2.2382,137.507,39.0321,0.5983,0.9332,
7708.5,2.2382,137.507,39.0321,0.5983,0.9332,
7709.0,2.2382,137.507,39.0321,0.5983,0.9332,
7709.5,2.2382,137.507,39.0321,0.5983,0.9332,
7710.0,2.2382,137.507,39.0321,0.5983,0.9332,
7710.5,2.2382,137.507,39.0321,0.5983,0.9332,
7711.0,2.2382,137.507,39.0321,0.5983,0.9332,
7711.5,2.2382,137.507,39.0321,0.5983,0.9332,
7712.0,2.2382,137.507,39.0321,0.5983,0.9332,
7712.5,2.2382,137.507,39.0321,0.5983,0.9332,
7713.0,2.2382,137.507,39.0321,0.5983,0.9332,
7713.5,2.2382,137.507,39.0321,0.5983,0.9332,
7714.0,2.2382,137.507,39.0321,0.5983,0.9332,
7714.5,2.2382,137.507,39.0321,0.5983,0.9332,
7715.0,2.2382,137.507,39.0321,0.5983,0.9332,
7715.5,2.2382,137.507,39.0321,0.5983,0.9332,
7716.0,2.2382,137.507,39.0321,0.5983,0.9332,
7716.5,2.2382,137.507,39.0321,0.5983,0.9332,
7717.0,2.2382,137.507,39.0321,0.5983,0.9332,
7717.5,2.2382,137.507,39.0321,0.5983,0.9332,
7718.0,2.2382,137.507,39.0321,0.5983,0.9332,
7718.5,2.2382,137.507,39.0321,0.5983,0.9332,
7719.0,2.2382,137.507,39.0321,0.5983,0.9332,
7719.5,2.2382,137.507,39.0321,0.5983,0.9332,
7720.0,2.2382,137.507,39.0321,0.5983,0.9332,
7720.5,2.2382,137.507,39.0321,0.5983,0.9332,
7721.0,2.2382,137.507,39.0321,0.5983,0.9332,
7721.5,2.2382,137.507,39.0321,0.5983,0.9332,
7722.0,2.2382,137.507,39.0321,0.5983,0.9332,
7722.5,2.2382,137.507,39.0321,0.5983,0.9332,
7723.0,2.2382,137.507,39.0321,0.5983,0.9332,
7723.5,2.2382,137.507,39.0321,0.5983,0.9332,
7724.0,2.2382,137.507,39.0321,0.5983,0.9332,
7724.5,2.2382,137.507,39.0321,0.5983,0.9332,
7725.0,2.2382,137.507,39.0321,0.5983,0.9332,
7725.5,2.2382,137.507,39.0321,0.5983,0.9332,
7726.0,2.2382,137.507,39.0321,0.5983,0.9332,
7726.5,2.2382,137.507,39.0321,0.5983,0.9332,
7727.0,2.2382,137.507,39.0321,0.5983,0.9332,
7727.5,2.2382,137.507,39.0321,0.5983,0.9332,
7728.0,2.2382,137.507,39.0321,0.5983,0.9332,
7728.5,2.2382,137.507,39.0321,0.5983,0.9332,
7729.0,2.2382,137.507,39.0321,0.5983,0.9332,
7729.5,2.2382,137.507,39.0321,0.5983,0.9332,
7730.0,2.2382,137.507,39.0321,0.5983,0.9332,
7730.5,2.2382,137.507,39.0321,0.5983,0.9332,
7731.0,2.2382,137.507,39.0321,0.5983,0.9332,
7731.5,2.2382,137.507,39.0321,0.5983,0.9332,
7732.0,2.2382,137.507,39.0321,0.5983,0.9332,
7732.5,2.2382,137.507,39.0321,0.5983,0.9332,
7733.0,2.2382,137.507,39.0321,0.5983,0.9332,
7733.5,2.2382,137.507,39.0321,0.5983,0.9332,
7734.0,2.2382,137.507,39.0321,0.5983,0.9332,
7734.5,2.2382,137.507,39.0321,0.5983,0.9332,
7735.0,2.2382,137.507,39.0321,0.5983,0.9332,
7735.5,2.2382,137.507,39.0321,0.5983,0.9332,
7736.0,2.2382,137.507,39.0321,0.5983,0.9332,
7736.5,2.2382,137.507,39.0321,0.5983,0.9332,
7737.0,2.2382,137.507,39.0321,0.5983,0.9332,
7737.5,2.2382,137.507,39.0321,0.5983,0.9332,
7738.0,2.2382,137.507,39.0321,0.5983,0.9332,
7738.5,2.2382,137.507,39.0321,0.5983,0.9332,
7739.0,2.2382,137.507,39.0321,0.5983,0.9332,
7739.5,2.2382,137.507,39.0321,0.5983,0.9332,
7740.0,2.2382,137.507,39.0321,0.5983,0.9332,
7740.5,2.2382,137.507,39.0321,0.5983,0.9332,
7741.0,2.2382,137.507,39.0321,0.5983,0.9332,
7741.5,2.2382,137.507,39.0321,0.5983,0.9332,
7742.0,2.2382,137.507,39.0321,0.5983,0.9332,
7742.5,2.2382,137.507,39.0321,0.5983,0.9332,
7743.0,2.2382,137.507,39.0321,0.5983,0.9332,
7743.5,2.2382,137.507,39.0321,0.5983,0.9332,
7744.0,2.2382,137.507,39.0321,0.5983,0.9332,
7744.5,2.2382,137.507,39.0321,0.5983,0.9332,
7745.0,2.2382,137.507,39.0321,0.5983,0.9332,
7745.5,2.2382,137.507,39.0321,0.5983,0.9332,
7746.0,2.2382,137.507,39.0321,0.5983,0.9332,
7746.5,2.2382,137.507,39.0321,0.5983,0.9332,
7747.0,2.2382,137.507,39.0321,0.5983,0.9332,
7747.5,2.2382,137.507,39.0321,0.5983,0.9332,
7748.0,2.2382,137.507,39.0321,0.5983,0.9332,
7748.5,2.2382,137.507,39.0321,0.5983,0.9332,
7749.0,2.2382,137.507,39.0321,0.5983,0.9332,
7749.5,2.2382,137.507,39.0321,0.5983,0.9332,
7750.0,2.2382,137.507,39.0321,0.5983,0.9332,
7750.5,2.2382,137.507,39.0321,0.5983,0.9332,
7751.0,2.2382,137.507,39.0321,0.5983,0.9332,
7751.5,2.2382,137.507,41.9401,0.595,0.9332,
7752.0,2.2382,137.507,41.6746,0.6178,0.9332,
7752.5,2.2382,137.507,40.5087,0.6203,0.9332,
7753.0,2.2382,137.507,38.4791,0.6197,0.9332,
7753.5,2.2382,137.507,36.3887,0.6023,0.9332,
7754.0,2.2382,137.507,33.253,0.5853,0.9332,
7754.5,2.2382,137.507,33.9191,0.6019,0.9332,
7755.0,2.2382,137.507,39.2279,0.5749,0.9332,
7755.5,2.2382,137.507,41.66,0.5941,0.9332,
7756.0,2.2382,137.507,39.2916,0.559,0.9332,
7756.5,2.2382,137.507,35.6284,0.5703,0.9332,
7757.0,2.2382,137.507,37.3668,0.5627,0.9332,
7757.5,2.2382,137.507,38.5975,0.5789,0.9332,
7758.0,2.2382,137.507,41.03,0.5719,0.9332,
7758.5,2.2382,137.507,41.0158,0.6322,0.9332,
7759.0,2.2382,137.507,41.396,0.6012,0.9332,
7759.5,2.2382,137.507,38.3523,0.6159,0.9332,
7760.0,2.2382,137.507,37.921,0.6201,0.9332,
7760.5,2.2382,137.507,38.9359,0.6569,0.9332,
7761.0,2.2382,137.507,41.5505,0.6206,0.9332,
7761.5,2.2382,137.507,42.4095,0.578,0.9332,
7762.0,2.2382,137.507,43.1519,0.5955,0.9332,
7762.5,2.2382,137.507,41.9945,0.6218,0.9332,
7763.0,2.2382,137.507,40.7992,0.6274,0.9332,
7763.5,2.2382,137.507,38.8107,0.5824,0.9332,
7764.0,2.2382,137.507,40.6653,0.597,0.9332,
7764.5,2.2382,137.507,42.8566,0.6091,0.9332,
7765.0,2.2382,137.507,43.9829,0.6038,0.9332,
7765.5,2.2382,137.507,41.8767,0.5856,0.9332,
7766.0,2.2382,137.507,39.3093,0.5447,0.9332,
7766.5,2.2382,137.507,38.9729,0.5785,0.9332,
7767.0,2.2382,137.507,39.1835,0.5653,0.9332,
7767.5,2.2382,137.507,41.4101,0.5588,0.9332,
7768.0,2.2382,137.507,42.5559,0.545,0.9332,
7768.5,2.2382,137.507,43.3257,0.5932,0.9332,
7769.0,2.2382,137.507,43.7204,0.6144,0.9332,
7769.5,2.2382,137.507,44.2192,0.6087,0.9332,
7770.0,2.2382,137.507,44.0502,0.6243,0.9332,
7770.5,2.2382,137.507,43.9145,0.6008,0.9332,
7771.0,2.2382,137.507,44.6467,0.5893,0.9332,
7771.5,2.2382,137.507,44.9683,0.5295,0.9332,
7772.0,2.2382,137.507,45.8543,0.5638,0.9332,
7772.5,2.2382,137.507,44.7998,0.5928,0.9332,
7773.0,2.2382,137.507,45.9411,0.6172,0.9332,
7773.5,2.2382,137.507,43.1498,0.5797,0.9332,
7774.0,2.2382,137.507,38.9224,0.5549,0.9332,
7774.5,2.2382,137.507,37.8108,0.5516,0.9332,
7775.0,2.2382,137.507,36.4499,0.5621,0.9332,
7775.5,2.2382,137.507,40.3652,0.5647,0.9332,
7776.0,2.2382,137.507,41.3035,0.5426,0.9332,
7776.5,2.2382,137.507,46.1351,0.5669,0.9332,
7777.0,2.2382,137.507,48.3058,0.5313,0.9332,
7777.5,2.2382,137.507,50.4514,0.508,0.9332,
7778.0,2.2382,137.507,48.8838,0.4577,0.9332,
7778.5,2.2382,137.507,48.4878,0.5021,0.9332,
7779.0,2.2382,137.507,45.4198,0.5068,0.9332,
7779.5,2.2382,137.507,44.3431,0.5221,0.9332,
7780.0,2.2382,137.507,43.4178,0.4707,0.9332,
7780.5,2.2382,137.507,44.9165,0.4976,0.9332,
7781.0,2.2382,137.507,47.5511,0.5228,0.9332,
7781.5,2.2382,137.507,46.4234,0.5608,0.9332,
7782.0,2.2382,137.507,48.5137,0.5486,0.9332,
7782.5,2.2382,137.507,46.6597,0.5115,0.9332,
7783.0,2.2382,137.507,47.7663,0.4961,0.9332,
7783.5,2.2382,137.507,46.1361,0.5421,0.9332,
7784.0,2.2382,137.507,45.2916,0.6082,0.9332,
7784.5,2.2382,137.507,48.1179,0.6398,0.9332,
7785.0,2.2382,137.507,49.7239,0.6007,0.9332,
7785.5,2.2382,137.507,51.436,0.5287,0.9332,
7786.0,2.2382,137.507,46.8198,0.515,0.9332,
7786.5,2.2382,137.507,44.6051,0.5016,0.9332,
7787.0,2.2382,137.507,45.1182,0.5828,0.9332,
7787.5,2.2382,137.507,51.7862,0.5673,0.9332,
7788.0,2.2382,137.507,66.2782,0.5873,0.9332,
7789.5,2.2382,137.507,74.9084,0.4755,0.9332,
7827.5,2.2382,137.507,70.9985,0.4524,0.9332,
7828.0,2.2382,137.507,66.9682,0.4691,0.9332,
7828.5,2.2382,137.507,72.1105,0.4193,0.9332,
8211.5,2.21,138.3757,74.6249,0.2361,2.7998,
8212.0,2.0826,141.6927,64.4945,0.1133,4.6779,
8212.5,1.9568,143.7467,56.8869,0.0995,5.3372,
8213.0,1.8798,142.0313,56.3182,0.1568,6.2936,
8213.5,1.8675,141.2322,65.0314,0.2466,4.7103,
8216.0,2.1302,147.9265,71.1573,0.2739,4.3991,
8216.5,2.0946,150.4004,69.1656,0.2695,4.5994,
8217.0,2.0653,150.4019,70.817,0.2695,4.5954,
8217.5,2.0224,150.4019,65.9553,0.22,5.636,
8218.0,1.9558,150.4019,59.6423,0.1767,8.1014,
8218.5,1.888,148.1185,53.4582,0.1657,7.0728,
8219.0,1.8631,147.334,57.5395,0.2133,4.1518,
8219.5,1.8866,145.8854,64.8053,0.2623,2.5545,
8220.0,1.9451,141.7936,72.9526,0.3376,2.2582,
8338.5,2.0655,134.5052,73.9779,0.3714,6.8745,
8339.0,2.0342,135.5208,66.2183,0.3858,8.9465,
8339.5,2.0065,134.7461,65.9105,0.3597,12.0832,
8340.0,1.9938,134.2643,65.8134,0.3223,18.4451,
8340.5,1.992,132.1289,66.5144,0.3156,29.0878,
8341.0,1.9956,132.6628,71.3446,0.3227,32.86,
8341.5,2.0112,133.5775,74.1832,0.3435,21.0526,
8346.5,2.2067,119.8991,74.7115,0.3674,3.2448,
8358.0,2.1917,113.1875,74.8255,0.3519,2.648,
8364.0,2.1933,113.413,73.2004,0.3679,6.8541,
8372.0,2.1955,113.7137,74.4152,0.4076,1.9313,
8372.5,2.1957,113.7325,73.8794,0.3979,1.5677,
8374.0,2.1961,113.7888,74.2679,0.381,1.39,
8374.5,2.1962,113.8076,68.7433,0.4042,1.7034,
8375.0,2.1964,113.8264,66.2868,0.4268,2.0775,
8375.5,2.1965,113.8452,67.918,0.4636,1.7917,
8384.0,2.1989,114.1646,72.3059,0.3867,4.1918,
8384.5,2.199,114.1834,71.9452,0.4111,5.5187,
8385.0,2.1992,114.2022,67.6991,0.3972,5.6554,
8385.5,2.1993,114.221,68.9778,0.4318,6.0789,
8386.0,2.1994,114.2398,65.0197,0.414,5.7182,
8386.5,2.1996,114.2586,67.9881,0.4304,5.0027,
8387.0,2.1997,114.2774,64.9855,0.4246,4.4794,
8387.5,2.1999,114.2962,65.3575,0.4336,4.4097,
8388.0,2.2,114.3149,65.2897,0.437,4.2563,
8388.5,2.2001,114.3337,66.7009,0.4434,6.2892,
8389.0,2.2003,114.3525,64.7559,0.4359,10.3215,
8389.5,2.2004,114.3713,63.3358,0.4332,12.1398,
8390.0,2.2005,114.3901,62.5271,0.4219,14.8131,
8390.5,2.2007,114.4089,61.5929,0.4113,18.5303,
8391.0,2.2008,114.4277,59.4605,0.4115,19.5882,
8391.5,2.201,114.4465,55.2094,0.4261,18.9786,
8392.0,2.2011,114.4653,51.5437,0.4492,17.7544,
8392.5,2.2012,114.4841,50.3138,0.4995,16.4677,
8393.0,2.2014,114.5029,48.5301,0.4897,16.1593,
8393.5,2.2015,114.5216,47.9858,0.4904,16.8724,
8394.0,2.2017,114.5404,48.2521,0.4545,18.0794,
8394.5,2.2018,114.5592,50.0298,0.5126,20.5766,
8395.0,2.2019,114.578,54.454,0.4986,17.0966,
8395.5,2.2021,114.5968,55.5006,0.4805,10.2629,
8396.0,2.2022,114.6156,61.7285,0.4325,6.3429,
8396.5,2.2024,114.6344,62.7145,0.4286,6.0285,
8397.0,2.2025,114.6532,67.1667,0.4084,8.8749,
8397.5,2.2026,114.672,59.0836,0.4377,11.9195,
8398.0,2.2028,114.6908,55.1296,0.4385,8.069,
8398.5,2.2029,114.7095,55.7147,0.492,4.5545,
8399.0,2.203,114.7283,63.647,0.5004,3.4845,
8399.5,2.2032,114.7471,67.3247,0.5161,2.727,
8400.0,2.2033,114.7659,67.3794,0.5018,2.1499,
8400.5,2.2035,114.7847,69.136,0.4688,1.8774,
8401.0,2.2036,114.8035,73.822,0.4961,1.8359,
8403.5,2.2043,114.8975,70.4892,0.4799,1.6752,
8404.0,2.2044,114.9162,70.1256,0.5057,2.2139,
8404.5,2.2046,114.935,70.561,0.4946,2.565,
8406.0,2.205,114.9914,69.4884,0.4826,2.6994,
8406.5,2.2051,115.0102,60.9198,0.4353,3.6018,
8407.0,2.2053,115.029,47.2291,0.4315,5.2403,
8407.5,2.2054,115.0478,42.3267,0.4913,5.5466,
8408.0,2.2055,115.0666,42.9665,0.4732,5.5385,
8408.5,2.2057,115.0854,45.722,0.5116,6.72,
8409.0,2.2058,115.1041,49.1919,0.4914,9.1732,
8409.5,2.206,115.1229,55.9346,0.5091,13.1412,
8410.0,2.2061,115.1417,58.9581,0.4862,22.0057,
8410.5,2.2062,115.1605,58.7064,0.4763,49.0424,
8411.0,2.2064,115.1793,50.4138,0.4688,137.2301,
8411.5,2.2065,115.1981,45.1448,0.4875,383.9798,
8412.0,2.2067,115.2169,36.8017,0.4493,881.5204,
8412.5,2.2068,115.2357,38.6549,0.4297,1390.751,
8413.0,2.2069,115.2545,37.3944,0.4017,1207.1949,
8413.5,2.2071,115.2733,39.2063,0.4292,761.8845,
8414.0,2.2072,115.2921,37.5405,0.4574,488.0163,
8414.5,2.2074,115.3108,36.6584,0.4462,364.2613,
8415.0,2.2075,115.3296,38.0317,0.4139,338.2477,
8415.5,2.2076,115.3484,35.0074,0.4157,401.7077,
8416.0,2.2078,115.3672,36.06,0.4692,599.6727,
8416.5,2.2079,115.386,36.6652,0.5158,1008.291,
8417.0,2.208,115.4048,40.8755,0.5222,1542.767,
8417.5,2.2082,115.4236,41.9805,0.5078,1882.328,
8418.0,2.2083,115.4424,42.5565,0.4751,1950.0,
8418.5,2.2085,115.4612,41.348,0.4639,1950.0,
8419.0,2.2086,115.48,42.0922,0.4287,1950.0,
8419.5,2.2087,115.4987,41.7414,0.4461,1950.0,
8420.0,2.2089,115.5175,41.1768,0.4397,1950.0,
8420.5,2.209,115.5363,38.2893,0.4481,1950.0,
8421.0,2.2092,115.5551,36.3222,0.4326,1950.0,
8421.5,2.2093,115.5739,34.7425,0.4135,1950.0,
8422.0,2.2094,115.5927,37.438,0.4281,1950.0,
8422.5,2.2096,115.6115,40.0871,0.4259,1950.0,
8423.0,2.2097,115.6303,41.4004,0.438,1950.0,
8423.5,2.2099,115.6491,39.0342,0.4034,1950.0,
8424.0,2.21,115.6679,39.3365,0.4087,1950.0,
8424.5,2.2101,115.6867,37.4794,0.408,1950.0,
8425.0,2.2103,115.7054,38.0228,0.4342,1950.0,
8425.5,2.2104,115.7242,35.1317,0.4259,1950.0,
8426.0,2.2105,115.743,32.5939,0.4285,1950.0,
8426.5,2.2107,115.7618,34.0896,0.4042,634.8501,
8427.0,2.2108,115.7806,36.716,0.4137,151.6606,
8427.5,2.211,115.7994,38.5539,0.4208,61.8163,
8428.0,2.2111,115.8182,37.5037,0.4343,33.0621,
8428.5,2.2112,115.837,37.1173,0.4383,22.1215,
8429.0,2.2114,115.8558,39.2695,0.4619,21.1967,
8429.5,2.2115,115.8746,40.4548,0.4655,28.9022,
8430.0,2.2117,115.8933,41.0011,0.4757,54.418,
8430.5,2.2118,115.9121,37.2304,0.4584,117.8545,
8431.0,2.2119,115.9309,36.5791,0.4445,141.6602,
8431.5,2.2121,115.9497,35.8068,0.4154,42.8748,
8432.0,2.2122,115.9685,42.915,0.398,12.6467,
8432.5,2.2124,115.9873,52.3278,0.4226,3.982,
8433.0,2.2125,116.0061,62.7401,0.4276,1.9571,
8433.5,2.2126,116.0249,67.4532,0.4138,1.5008,
8434.0,2.2128,116.0437,69.2482,0.4119,1.482,
8434.5,2.2129,116.0625,66.4988,0.4322,1.5642,
8435.0,2.213,116.0813,69.7717,0.4574,1.6921,
8435.5,2.2132,116.1,68.3748,0.4511,1.8873,
8436.0,2.2133,116.1188,70.7982,0.426,1.9717,
8436.5,2.2135,116.1376,67.7143,0.4289,1.9574,
8437.0,2.2136,116.1564,65.9537,0.4526,1.8799,
8437.5,2.2137,116.1752,63.9159,0.4616,1.8101,
8438.0,2.2139,116.194,62.3112,0.4435,1.7723,
8438.5,2.214,116.2128,59.8483,0.4109,1.7921,
8439.0,2.2142,116.2316,58.9843,0.4067,1.8438,
8439.5,2.2143,116.2504,56.769,0.4149,1.8955,
8440.0,2.2144,116.2692,61.2802,0.3992,1.9632,
8440.5,2.2146,116.2879,61.7455,0.3923,2.0062,
8441.0,2.2147,116.3067,62.9469,0.3855,2.0733,
8441.5,2.2149,116.3255,60.6221,0.4014,2.1011,
8442.0,2.215,116.3443,59.5203,0.3955,2.0813,
8442.5,2.2151,116.3631,58.6882,0.4128,2.0609,
8443.0,2.2153,116.3819,57.0026,0.4456,2.0053,
8443.5,2.2154,116.4007,58.9504,0.4607,1.9174,
8444.0,2.2155,116.4195,56.4512,0.4391,1.8417,
8444.5,2.2157,116.4383,58.4208,0.4113,2.0068,
8445.0,2.2158,116.4571,57.7803,0.4247,1.8213,
8445.5,2.216,116.4759,60.431,0.4436,1.5825,
8446.0,2.2161,116.4946,58.4417,0.4443,1.5264,
8446.5,2.2162,116.5134,60.056,0.4441,1.5526,
8447.0,2.2164,116.5322,62.186,0.4264,1.5337,
8447.5,2.2165,116.551,66.4248,0.4402,1.4854,
8448.0,2.2167,116.5698,68.1192,0.436,1.4496,
8448.5,2.2168,116.5886,71.9383,0.5183,1.4266,
8449.0,2.2169,116.6074,70.7535,0.5159,1.418,
8449.5,2.2171,116.6262,71.128,0.5431,1.4013,
8450.0,2.2172,116.645,73.7583,0.4787,1.3861,
8452.5,2.2179,116.7389,71.77,0.479,1.4387,
8453.0,2.218,116.7577,63.4456,0.4666,1.5395,
8453.5,2.2182,116.7765,61.644,0.4511,1.6011,
8454.0,2.2183,116.7953,59.7209,0.4162,1.6844,
8454.5,2.2185,116.8141,56.662,0.3924,1.7686,
8455.0,2.2186,116.8329,53.9545,0.3974,1.7334,
8455.5,2.2187,116.8517,53.4783,0.4162,1.6207,
8456.0,2.2189,116.8704,56.1011,0.4417,1.5386,
8456.5,2.219,116.8892,57.2357,0.4439,1.4885,
8457.0,2.2192,116.908,55.2079,0.4601,1.5233,
8457.5,2.2193,116.9268,57.4379,0.4611,1.5803,
8458.0,2.2194,116.9456,56.9578,0.4196,1.5979,
8458.5,2.2196,116.9644,61.1192,0.4092,1.6073,
8459.0,2.2197,116.9832,61.4753,0.3997,1.6309,
8459.5,2.2199,117.002,64.1045,0.4187,1.6353,
8460.0,2.22,117.0208,63.7201,0.4084,1.634,
8460.5,2.2201,117.0396,61.4091,0.4215,1.6349,
8461.0,2.2203,117.0583,58.9847,0.466,1.6513,
8461.5,2.2204,117.0771,57.8571,0.4703,1.6458,
8462.0,2.2205,117.0959,58.3607,0.4379,1.653,
8462.5,2.2207,117.1147,62.6,0.3876,1.6663,
8463.0,2.2208,117.1335,69.4194,0.409,1.6525,
8463.5,2.221,117.1523,72.5481,0.4344,1.6348,
8464.0,2.2501,117.1711,71.9584,0.4379,1.6595,
8464.5,2.246,117.1899,68.3593,0.4015,1.8045,
8465.0,2.246,117.2087,66.9109,0.3783,1.8348,
8465.5,2.2539,117.2275,64.3889,0.3596,1.7782,
8466.0,2.2614,117.2463,62.4613,0.3469,1.7389,
8466.5,2.2664,117.265,65.8467,0.3358,1.7131,
8467.0,2.2753,117.2838,74.0486,0.328,1.6561,
8473.0,2.3379,117.5093,63.4128,0.3556,1.718,
8473.5,2.3105,117.5281,56.4497,0.3498,2.0421,
8474.0,2.2573,117.5469,46.2571,0.3272,2.2855,
8474.5,2.2017,117.5657,43.8691,0.3477,1.9862,
8475.0,2.1721,117.5845,40.1235,0.3538,1.7541,
8475.5,2.1747,117.6033,42.4443,0.3564,1.7157,
8476.0,2.1984,117.6221,49.6007,0.3384,1.6808,
8476.5,2.2282,117.6409,60.3158,0.3417,1.5804,
8477.0,2.2542,117.6596,68.5062,0.359,1.4985,
8477.5,2.2687,117.6784,74.4193,0.3876,1.4862,
8490.0,2.1598,124.1992,74.8905,0.3535,1.7092,
8490.5,2.1342,122.9655,71.9641,0.3578,1.7547,
8491.0,2.1218,122.1093,70.9871,0.3647,1.8023,
8491.5,2.1254,122.3795,72.1541,0.3581,1.7322,
8492.0,2.1406,122.806,73.3004,0.3226,1.5969,
8492.5,2.1611,124.5638,70.017,0.3093,1.4471,
8493.0,2.1653,129.2513,62.4359,0.3316,1.6059,
8493.5,2.1335,132.5651,52.9268,0.3488,1.8674,
8494.0,2.0782,133.5872,44.2156,0.3633,1.8863,
8494.5,2.0347,132.8939,38.9264,0.3943,1.7417,
8495.0,2.0291,129.834,34.4254,0.4129,1.6741,
8495.5,2.0489,128.5059,34.1721,0.4242,1.6754,
8496.0,2.0708,128.9843,35.1677,0.4001,1.6329,
8496.5,2.0882,127.7832,36.8139,0.3761,1.5885,
8497.0,2.1,127.2852,40.1893,0.3735,1.6086,
8497.5,2.1031,126.6081,42.3166,0.3689,1.6555,
8498.0,2.1048,126.8945,52.4745,0.371,1.6084,
8498.5,2.1087,126.8685,57.1174,0.3652,1.5206,
8499.0,2.1183,126.3802,70.6119,0.4049,1.4601,
8504.0,2.3094,124.987,74.3832,0.3857,1.1583,
8504.5,2.2672,127.3665,57.3137,0.3357,1.4655,
8505.0,2.2018,127.7799,43.3059,0.3026,1.6645,
8505.5,2.1407,126.9955,37.8815,0.3042,1.5149,
8506.0,2.1095,126.3412,39.5392,0.3007,1.3499,
8506.5,2.1169,123.7793,41.5114,0.2896,1.238,
8507.0,2.1406,124.5898,46.5142,0.2554,1.2351,
8507.5,2.1546,125.1953,55.6115,0.2829,1.1962,
8696.0,2.1581,128.6238,74.3381,0.339,2.8759,
8696.5,2.1514,128.0507,68.6891,0.3491,2.9349,
8697.0,2.1412,127.4776,59.1071,0.2923,4.7739,
8697.5,2.1084,127.9785,53.5838,0.2715,8.8779,
8698.0,2.0633,129.1471,49.6652,0.2432,11.879,
8698.5,2.0351,129.7917,46.4224,0.2457,13.0306,
8699.0,2.028,129.4835,47.241,0.2575,14.7795,
8699.5,2.0247,129.0823,45.5554,0.2746,15.7149,
8700.0,2.0121,128.6812,45.338,0.2961,14.0742,
8700.5,2.0092,128.28,43.1913,0.3035,9.6662,
8701.0,2.0416,127.8788,51.801,0.2968,5.3425,
8701.5,2.1014,127.4776,57.8921,0.317,3.2206,
8702.0,2.1431,126.6732,65.6513,0.3302,2.9427,
8702.5,2.1325,127.793,65.1244,0.3231,3.965,
8703.0,2.0991,128.942,68.2501,0.3285,4.2172,
8708.0,2.1647,129.3359,72.2363,0.3287,3.4221,
8708.5,2.09,130.3432,69.3472,0.3026,4.6654,
8711.0,2.148,134.6415,67.6718,0.3586,3.6148,
8711.5,2.074,134.4759,57.8197,0.2898,7.9085,
8712.0,2.0156,133.5091,50.3687,0.2558,19.7,
8712.5,1.9896,130.9961,44.7758,0.2544,58.9492,
8713.0,1.9837,129.6973,42.4897,0.2788,337.4915,
8713.5,1.9833,128.6621,43.9858,0.2911,333.0505,
8714.0,1.9865,129.3359,42.8756,0.2735,154.9913,
8714.5,1.9951,130.8496,38.4532,0.2594,102.2781,
8715.0,2.0007,132.692,40.3289,0.2509,93.4182,
8715.5,1.9983,133.1413,41.338,0.2637,112.0463,
8716.0,1.9912,131.9466,40.9179,0.2609,166.3239,
8716.5,1.9816,131.6927,40.2473,0.2791,296.7309,
8717.0,1.9625,128.7305,39.5035,0.2844,616.4568,
8717.5,1.9423,131.1816,41.0242,0.3061,1340.092,
8718.0,1.9516,131.3021,42.9701,0.2896,1912.699,
8718.5,1.9887,131.4063,43.5021,0.279,1935.884,
8719.0,2.017,134.3392,46.3386,0.2432,1950.0,
8719.5,2.0145,135.446,43.6358,0.2418,1950.0,
8720.0,1.986,136.5723,43.6227,0.2822,1950.0,
8720.5,1.958,137.3568,40.432,0.2935,1950.0,
8721.0,1.9326,136.5104,40.8072,0.3044,1950.0,
8721.5,1.9152,132.0801,41.2264,0.2974,1950.0,
8722.0,1.9194,129.5085,44.5486,0.3093,1950.0,
8722.5,1.9517,128.6556,46.4994,0.3083,1950.0,
8723.0,1.9943,128.61,48.0078,0.2903,1950.0,
8723.5,2.0213,128.6947,45.8789,0.2797,1950.0,
8724.0,2.028,126.9043,45.3314,0.269,1950.0,
8724.5,2.0292,125.7292,44.6146,0.2622,1950.0,
8725.0,2.0329,125.6901,45.4763,0.2617,1950.0,
8725.5,2.0308,126.6113,42.0736,0.2739,1950.0,
8726.0,2.0205,127.4837,41.5772,0.2855,1950.0,
8726.5,2.0113,129.7363,41.9903,0.2843,1950.0,
8727.0,2.0052,131.1914,47.9742,0.2862,1950.0,
8727.5,1.9982,130.7585,48.6241,0.2773,1950.0,
8728.0,1.9959,129.9349,47.603,0.2823,1950.0,
8728.5,2.0011,129.3262,43.1309,0.2615,1950.0,
8729.0,2.0076,128.6882,40.7835,0.2656,1950.0,
8729.5,2.0046,129.2871,41.4383,0.2758,1950.0,
8730.0,1.99,131.0482,39.6659,0.3024,1950.0,
8730.5,1.9781,129.7982,41.3005,0.2981,1950.0,
8731.0,1.9796,129.1504,38.3395,0.2824,1950.0,
8731.5,1.9913,128.0078,44.4151,0.253,1950.0,
8732.0,2.0064,126.8717,47.1995,0.2739,1950.0,
8732.5,2.0172,126.1003,54.7418,0.2864,1950.0,
8733.0,2.026,126.4095,55.6902,0.3052,1950.0,
8733.5,2.0369,125.0391,57.1168,0.274,1950.0,
8734.0,2.0458,131.7253,55.8662,0.2538,1950.0,
8734.5,2.0481,122.3014,53.0239,0.2419,1950.0,
8735.0,2.0424,124.6029,48.4877,0.2532,1950.0,
8735.5,2.0293,123.8997,45.8603,0.2644,1950.0,
8736.0,2.0121,123.61,46.1321,0.2599,1950.0,
8736.5,2.0044,123.571,47.5896,0.2591,1950.0,
8737.0,2.016,123.9713,47.2164,0.2532,1950.0,
8737.5,2.0399,123.8574,47.3104,0.2526,1721.291,
8738.0,2.0553,123.9128,45.1454,0.253,951.9969,
8738.5,2.0584,123.6035,42.0439,0.2365,356.1801,
8739.0,2.0579,122.8223,39.6934,0.2399,135.319,
8739.5,2.0564,122.2103,43.7304,0.2489,64.5164,
8740.0,2.0491,118.7012,43.4932,0.2698,39.8903,
8740.5,2.0411,120.8869,44.5939,0.2853,32.7736,
8741.0,2.0424,121.0541,42.1978,0.2818,35.1674,
8741.5,2.054,121.2212,45.2385,0.2918,48.7304,
8742.0,2.0588,121.3884,44.2295,0.31,66.9086,
8742.5,2.0455,121.5555,46.8815,0.3329,65.417,
8743.0,2.0165,121.7227,50.8054,0.3397,38.3159,
8743.5,1.9953,121.8898,57.0355,0.3606,18.4849,
8744.0,2.0017,122.057,59.8191,0.4029,10.0169,
8744.5,2.0312,122.2241,65.8081,0.4397,7.3818,
8745.0,2.0603,122.3913,64.182,0.4379,5.6562,
8745.5,2.0884,122.5584,69.9311,0.4169,3.4491,
9630.0,2.2542,108.3463,71.0743,0.2743,2.6906,
9630.5,2.2903,109.0625,72.0607,0.2745,3.1344,
9658.0,2.2806,108.0762,65.2607,0.2277,4.0408,
9658.5,2.1878,108.3268,58.1857,0.2068,7.1303,
9659.0,2.1254,108.7207,49.2637,0.213,14.4579,
9659.5,2.11,107.3177,50.0826,0.2236,30.2832,
9660.0,2.1268,106.709,48.5549,0.2194,37.2492,
9660.5,2.1428,106.0287,48.4377,0.2135,25.2317,
9661.0,2.1552,104.7559,44.6939,0.2014,15.0997,
9661.5,2.1686,104.8275,44.1778,0.2197,11.3314,
9662.0,2.1744,105.8854,46.6573,0.2363,10.4397,
9662.5,2.1658,107.1484,43.8187,0.2487,11.1294,
9663.0,2.1518,106.5267,40.3532,0.2346,12.3509,
9663.5,2.1435,104.2871,38.5291,0.2317,10.9601,
9664.0,2.1398,102.5586,40.8614,0.2343,7.9659,
9664.5,2.1369,102.8418,40.8484,0.246,5.9292,
9665.0,2.1402,102.6855,39.9365,0.2549,4.719,
9665.5,2.1478,101.543,40.9057,0.2638,3.8385,
9666.0,2.1499,97.4446,43.3377,0.2727,3.1363,
9666.5,2.1498,94.2057,43.5624,0.2794,3.0427,
9667.0,2.1584,93.1185,42.5807,0.2967,3.2457,
9667.5,2.1829,92.9297,42.4527,0.2922,3.5044,
9668.0,2.1908,98.7695,44.7042,0.2846,3.6476,
9668.5,2.1702,101.9629,43.719,0.2773,3.4264,
9669.0,2.1361,103.916,42.333,0.2857,3.1098,
9669.5,2.1173,105.0749,40.8044,0.2709,3.0144,
9670.0,2.1233,106.2077,43.8969,0.2676,3.1426,
9670.5,2.1305,105.9082,44.2695,0.2569,3.1786,
9671.0,2.1291,104.0104,44.9798,0.2628,3.2827,
9671.5,2.1195,107.992,43.7393,0.2727,3.3856,
9672.0,2.1138,108.78,45.9838,0.2838,3.314,
9672.5,2.1196,109.568,48.1176,0.2801,3.3403,
9673.0,2.1246,110.356,49.1711,0.2615,3.2717,
9673.5,2.1204,111.1441,49.2034,0.2478,3.1399,
9674.0,2.1104,110.9994,48.2247,0.2506,3.0459,
9674.5,2.1069,109.1797,49.0475,0.2457,2.9952,
9675.0,2.1143,107.3698,47.0049,0.2391,3.0333,
9675.5,2.1257,105.1335,45.5827,0.2249,3.2042,
9676.0,2.1358,105.5924,46.6067,0.2259,3.4212,
9676.5,2.1443,105.7031,49.6925,0.2159,3.6591,
9677.0,2.149,105.5924,50.3383,0.2274,3.9486,
9677.5,2.1466,107.4609,48.8304,0.212,4.2948,
9678.0,2.1381,107.64,50.9315,0.2284,4.6179,
9678.5,2.1278,109.2253,53.6257,0.2419,4.8895,
9679.0,2.1203,109.7461,51.582,0.2505,4.9406,
9679.5,2.1168,110.345,52.2664,0.262,4.8732,
9680.0,2.1148,111.582,51.5508,0.2494,4.8193,
9680.5,2.1118,112.6432,51.977,0.2674,4.7535,
9681.0,2.1114,113.7231,49.2,0.2617,4.8478,
9681.5,2.1174,112.2903,48.0733,0.2783,4.9381,
9682.0,2.1289,110.8575,47.2785,0.2622,5.0556,
9682.5,2.1506,109.4248,48.2508,0.2406,5.2912,
9683.0,2.1809,107.992,44.483,0.2193,5.6211,
9683.5,2.2135,101.9336,42.4939,0.2082,5.5837,
9684.0,2.2303,104.8047,39.1134,0.2198,5.7705,
9684.5,2.2253,106.2435,40.2576,0.2294,6.0193,
9685.0,2.2161,105.5664,40.5317,0.2277,5.5942,
9685.5,2.2195,104.8405,37.4077,0.2223,4.5974,
9686.0,2.2398,104.4987,34.0285,0.1973,3.7925,
9686.5,2.2613,99.8242,34.876,0.1829,3.4209,
9687.0,2.275,99.8535,38.8583,0.158,3.4677,
9687.5,2.2814,99.3978,51.1922,0.1661,3.8973,
9688.0,2.2948,100.4069,70.7906,0.2096,3.8935,
9782.5,2.217,103.6579,73.0545,0.3418,1.1414,
9783.0,2.1222,103.2459,58.4701,0.3353,1.2354,
9783.5,2.137,102.834,53.0946,0.3073,1.5224,
9784.0,2.2244,90.319,52.268,0.3002,1.8537,
9784.5,2.2786,103.3919,49.8823,0.292,1.8905,
9785.0,2.2709,97.1256,50.2418,0.3076,1.8015,
9785.5,2.2312,91.2207,47.5905,0.3016,1.7389,
9786.0,2.2095,87.8516,51.6206,0.3051,1.6736,
9786.5,2.1955,99.5182,50.9193,0.3059,1.6926,
9787.0,2.1701,114.2741,52.3545,0.3099,1.6255,
9787.5,2.1474,111.6146,51.1357,0.3294,1.6361,
9788.0,2.1437,107.1517,52.6297,0.3256,1.692,
9788.5,2.1473,103.0566,56.0707,0.3393,1.801,
9789.0,2.1489,94.3066,59.0554,0.3157,1.8196,
9789.5,2.1669,91.6374,63.1077,0.3299,1.9412,
9793.5,2.2098,102.6042,64.1088,0.25,2.521,
9794.0,2.186,103.2325,63.3183,0.2875,3.131,
9794.5,2.1714,104.873,67.4396,0.3,2.89,
10144.0,2.2515,105.5827,74.0978,0.2586,1.674,
10748.0,2.2749,99.5898,72.8565,0.2526,5.8884,
10748.5,2.3205,98.9974,69.7845,0.2968,3.9082,
10749.0,2.3236,100.7422,67.554,0.2835,3.2384,
10749.5,2.2889,105.5892,62.6653,0.2739,4.1596,
10750.0,2.27,109.8372,64.3237,0.2579,5.053,
10750.5,2.2694,108.5807,64.9547,0.2436,6.2814,
10751.0,2.2564,108.4701,64.3959,0.2015,8.9782,
10751.5,2.2112,108.8346,55.2718,0.1708,11.3234,
10752.0,2.1529,107.9102,45.6605,0.1515,15.2193,
10752.5,2.1082,105.5599,44.1181,0.1719,22.9386,
10753.0,2.0803,105.9472,45.2079,0.1929,24.2908,
10753.5,2.068,110.5469,47.8703,0.2242,21.3919,
10754.0,2.0727,110.9147,47.585,0.2367,18.899,
10754.5,2.0965,111.1523,43.1565,0.2322,17.9103,
10755.0,2.1224,111.3281,40.0175,0.2121,18.716,
10755.5,2.1378,110.9277,37.4013,0.1905,21.7737,
10756.0,2.1364,110.1562,38.9327,0.1695,23.9894,
10756.5,2.1219,109.196,41.5687,0.1593,22.5621,
10757.0,2.1019,108.0208,43.727,0.179,19.9899,
10757.5,2.0852,107.0866,43.9998,0.1978,17.7031,
10758.0,2.0808,105.166,46.5024,0.2328,17.039,
10758.5,2.0966,105.4688,48.401,0.2255,15.7846,
10759.0,2.1323,108.0176,48.7264,0.2099,13.6539,
10759.5,2.1704,107.36,47.7615,0.1672,10.1117,
10760.0,2.1906,104.6029,49.8541,0.1377,7.7589,
10760.5,2.1923,98.138,50.7031,0.1187,6.9527,
10761.0,2.2028,93.3268,51.4496,0.1169,7.1323,
10761.5,2.2394,92.6302,57.5413,0.1612,7.6637,
10818.5,2.0964,158.5384,66.7163,0.2638,8.0354,
10819.0,2.0538,128.8509,70.162,0.2751,6.7305,
10822.5,2.1584,99.5215,71.722,0.209,3.6057,
10823.0,2.1528,97.7799,57.5282,0.2262,7.0606,
10823.5,2.1775,97.1061,53.7916,0.2328,12.6377,
10824.0,2.1966,100.4818,62.177,0.2523,18.4565,
10824.5,2.2081,99.7038,74.2701,0.2684,20.7685,
5633.5,,,12.1597,,,
5634.0,,,44.075,,,
5634.5,,,44.075,,,
5635.0,,,44.075,,,
5635.5,,,43.7159,,,
5636.0,,,43.6854,,,
5636.5,,,43.834,,,
5637.0,,,43.6964,,,
5637.5,,,44.309,,,
5638.0,,,44.4698,,,
5638.5,,,44.4805,,,
5639.0,,,44.4521,,,
5639.5,,,44.3126,,,
5640.0,,,44.5428,,,
5640.5,,,44.7505,,,
5641.0,,,45.0938,,,
5641.5,,,45.2632,,,
5642.0,,,45.3546,,,
5642.5,,,45.4111,,,
5643.0,,,45.3944,,,
5643.5,,,45.2133,,,
5644.0,,,45.1119,,,
5644.5,,,45.1275,,,
5645.0,,,45.0712,,,
5645.5,,,45.7358,,,
5646.0,,,46.4127,,,
5646.5,,,46.5272,,,
5647.0,,,46.598,,,
5647.5,,,46.5972,,,
5648.0,,,46.2861,,,
5648.5,,,45.8553,,,
5649.0,,,45.406,,,
5649.5,,,45.3734,,,
5650.0,,,45.8394,,,
5650.5,,,46.1858,,,
5651.0,,,46.0937,,,
5651.5,,,45.7927,,,
5652.0,,,45.4124,,,
5652.5,,,45.5321,,,
5653.0,,,45.4661,,,
5653.5,,,45.4316,,,
5654.0,,,45.5389,,,
5654.5,,,45.7371,,,
5655.0,,,45.7409,,,
5655.5,,,45.751,,,
5656.0,,,45.7422,,,
5656.5,,,45.6928,,,
5657.0,,,45.6505,,,
5657.5,,,45.6497,,,
5658.0,,,45.5759,,,
5658.5,,,45.8985,,,
5659.0,,,46.3429,,,
5659.5,,,46.6102,,,
5660.0,,,46.7742,,,
5660.5,,,46.9337,,,
5661.0,,,46.9345,,,
5661.5,,,46.9569,,,
5662.0,,,46.9417,,,
5662.5,,,46.9345,,,
5663.0,,,46.9453,,,
5663.5,,,46.9573,,,
5664.0,,,46.9585,,,
5664.5,,,46.9573,,,
5665.0,,,46.9477,,,
5665.5,,,46.9429,,,
5666.0,,,46.9345,,,
5666.5,,,46.9345,,,
5667.0,,,46.9477,,,
5667.5,,,46.9389,,,
5668.0,,,46.9485,,,
5668.5,,,46.9612,,,
5669.0,,,46.9345,,,
5669.5,,,46.9705,,,
5670.0,,,47.0065,,,
5670.5,,,47.0187,,,
5671.0,,,46.9873,,,
5671.5,,,46.9825,,,
5672.0,,,46.9753,,,
5672.5,,,46.9345,,,
5673.0,,,46.8864,,,
5673.5,,,46.9095,,,
5674.0,,,46.7883,,,
5674.5,,,46.5337,,,
5675.0,,,47.5638,,,
5675.5,,,47.9877,,,
5676.0,,,51.354,,,
5676.5,,,51.5101,,,
5677.0,,,51.973,,,
5677.5,,,49.6368,,,
5678.0,,,50.4222,,,
5678.5,,,53.7983,,,
5679.0,,,55.8086,,,
5679.5,,,54.3713,,,
5680.0,,,52.5246,,,
5680.5,,,49.8181,,,
5681.0,,,49.0344,,,
5681.5,,,50.6933,,,
5682.0,,,56.4029,,,
5682.5,,,61.7634,,,
5683.0,,,65.037,,,
5683.5,,,63.4213,,,
5684.0,,,60.8911,,,
5684.5,,,59.591,,,
5685.0,,,64.4116,,,
5685.5,,,70.9094,,,
5686.0,,,69.1858,,,
5686.5,,,69.0271,,,
5687.0,,,67.2083,,,
5687.5,,,69.3486,,,
5688.0,,,69.6718,,,
5688.5,,,65.5815,,,
5689.0,,,63.8146,,,
5689.5,,,59.55,,,
5690.0,,,63.7144,,,
5690.5,,,62.8264,,,
5691.0,,,61.0323,,,
5691.5,,,55.5729,,,
5692.0,,,56.4808,,,
5692.5,,,58.6972,,,
5693.0,,,61.1823,,,
5693.5,,,61.5911,,,
5694.0,,,61.9533,,,
5694.5,,,58.0494,,,
5695.0,,,56.0211,,,
5695.5,,,52.3433,,,
5696.0,,,50.7881,,,
5696.5,,,52.9707,,,
5697.0,,,55.874,,,
5697.5,,,61.6499,,,
5698.0,,,57.1967,,,
5698.5,,,52.8609,,,
5699.0,,,45.9831,,,
5699.5,,,47.8593,,,
5700.0,,,47.8771,,,
5700.5,,,52.2622,,,
5701.0,,,54.8327,,,
5701.5,,,57.5315,,,
5702.0,,,59.2235,,,
5702.5,,,54.0965,,,
5703.0,,,51.4412,,,
5703.5,,,50.159,,,
5704.0,,,55.1663,,,
5704.5,,,60.9555,,,
5705.0,,,59.5176,,,
5705.5,,,55.0131,,,
5706.0,,,55.1529,,,
5706.5,,,58.479,,,
5707.0,,,61.031,,,
5707.5,,,57.2406,,,
5708.0,,,53.7862,,,
5708.5,,,51.1883,,,
5709.0,,,52.8935,,,
5709.5,,,57.0089,,,
5710.0,,,56.914,,,
5710.5,,,59.1713,,,
5711.0,,,53.9578,,,
5711.5,,,51.7566,,,
5712.0,,,47.4953,,,
5712.5,,,48.3326,,,
5713.0,,,51.932,,,
5713.5,,,53.4047,,,
5714.0,,,54.0399,,,
5714.5,,,53.6404,,,
5715.0,,,56.0983,,,
5715.5,,,58.4615,,,
5716.0,,,62.5056,,,
5716.5,,,62.7052,,,
5717.0,,,60.5794,,,
5717.5,,,56.4839,,,
5718.0,,,56.1286,,,
5718.5,,,51.7315,,,
5719.0,,,47.8568,,,
5719.5,,,44.9922,,,
5720.0,,,44.4198,,,
5720.5,,,45.7146,,,
5721.0,,,42.8638,,,
5721.5,,,45.2178,,,
5722.0,,,48.2118,,,
5722.5,,,50.4862,,,
5723.0,,,50.1859,,,
5723.5,,,49.3167,,,
5724.0,,,48.5795,,,
5724.5,,,48.6431,,,
5725.0,,,48.0168,,,
5725.5,,,47.1066,,,
5726.0,,,49.319,,,
5726.5,,,50.7495,,,
5727.0,,,51.8949,,,
5727.5,,,50.4356,,,
5728.0,,,49.7904,,,
5728.5,,,54.1891,,,
5729.0,,,55.7282,,,
5729.5,,,56.2806,,,
5730.0,,,55.9636,,,
5730.5,,,54.7454,,,
5731.0,,,55.6602,,,
5731.5,,,55.132,,,
5732.0,,,55.9359,,,
5732.5,,,58.0859,,,
5733.0,,,58.2888,,,
5733.5,,,59.0087,,,
5734.0,,,53.7225,,,
5734.5,,,52.7401,,,
5735.0,,,52.4755,,,
5735.5,,,54.0581,,,
5736.0,,,56.2654,,,
5736.5,,,53.4645,,,
5737.0,,,54.2262,,,
5737.5,,,52.3342,,,
5738.0,,,56.4277,,,
5738.5,,,53.9791,,,
5739.0,,,53.3345,,,
5739.5,,,49.7239,,,
5740.0,,,51.7429,,,
5740.5,,,53.8436,,,
5741.0,,,56.1322,,,
5741.5,,,55.8281,,,
5742.0,,,51.6456,,,
5742.5,,,45.9272,,,
5743.0,,,40.8348,,,
5743.5,,,41.1331,,,
5744.0,,,41.447,,,
5744.5,,,43.3622,,,
5745.0,,,43.5837,,,
5745.5,,,45.0275,,,
5746.0,,,44.5768,,,
5746.5,,,47.9295,,,
5747.0,2.6342,137.0,50.0686,,0.0938,0.562
5747.5,2.3044,130.4,50.6811,,0.1975,0.5091
5748.0,2.1121,109.2,53.6817,,0.9398,0.5849
5748.5,2.0211,106.9,58.954,,0.7118,0.6879
5749.0,1.9073,102.1,66.5252,,0.442,0.6982
5749.5,1.7673,108.5,71.9864,,0.4639,0.6073
5750.0,1.6817,112.6,73.5985,,0.4781,0.6023
5750.5,1.7051,108.0,70.2409,,0.5783,0.6389
5751.0,1.8337,103.95,67.787,,0.7377,0.5681
5751.5,1.9693,103.3,64.5058,,0.8223,0.6596
5752.0,1.9825,102.6,66.8394,,0.7461,0.4478
5752.5,1.854,108.3,67.224,,0.6503,0.5943
5753.0,1.7136,104.4,74.6025,,0.6298,0.6313
5753.5,1.6907,93.65,73.1492,,0.6655,0.702
5754.0,1.766,87.2,68.1026,,0.7021,0.5597
5754.5,1.845,88.55,55.9883,,0.7512,0.544
5755.0,1.885,98.0,60.3373,,0.8103,0.5954
5755.5,1.8894,100.4,69.6905,,0.8313,0.643
5758.0,1.9621,100.8,72.9894,,1.4675,0.466
5759.0,2.0108,99.1,74.6218,,1.2906,0.4741
5763.0,1.9103,101.4,74.3386,,1.2406,0.5308
5763.5,1.8781,103.6,73.6756,,1.2634,0.5277
5764.5,1.8136,108.5,73.709,,1.3266,0.5015
5765.0,1.8077,110.0,74.6055,,1.3503,0.5421
5765.5,1.8137,111.1,72.5641,,1.3287,0.684
5766.0,1.8213,110.8,72.8628,,1.3003,0.7663
5766.5,1.828,111.65,71.4169,,1.2846,0.7131
5767.0,1.8211,112.0,73.9111,,1.3053,0.5711
5854.0,2.0719,171.5,70.341,,1.7666,0.3733
5854.5,2.0501,169.45,62.5833,,1.7934,0.3641
5855.0,2.0404,167.9,57.3608,,1.6917,0.3646
5855.5,2.0437,167.5,58.5656,,1.5636,0.3355
5856.0,2.0429,163.8,57.0377,,1.4982,0.3369
5856.5,2.0261,161.2,61.2179,,1.4694,0.3687
5857.0,2.0047,160.65,57.6439,,1.4561,0.4305
5857.5,2.0001,157.0,53.3934,,1.4454,0.4558
5858.0,2.0206,151.35,47.006,,1.4291,0.4374
5858.5,2.0596,147.85,49.313,,1.4402,0.3479
5859.0,2.1027,143.6,52.1461,,1.5035,0.3478
5859.5,2.1352,139.6,54.5788,,1.605,0.3167
5860.0,2.1496,138.6,51.2407,,1.6761,0.329
5860.5,2.1481,139.15,52.5459,,1.661,0.3206
5861.0,2.1402,137.8,54.5641,,1.6124,0.3186
5861.5,2.1353,137.75,57.0102,,1.5889,0.3335
5862.0,2.1384,137.85,57.4607,,1.6046,0.3263
5862.5,2.147,138.5,55.1944,,1.6375,0.3108
5863.0,2.1544,139.3,51.1077,,1.6677,0.2867
5863.5,2.1567,141.4,52.1355,,1.6775,0.3242
5864.0,2.1529,141.4,54.1276,,1.653,0.3645
5864.5,2.1425,142.75,55.6816,,1.6162,0.3641
5865.0,2.129,145.3,55.0765,,1.5857,0.3534
5865.5,2.1188,146.4,55.562,,1.5664,0.351
5866.0,2.1155,144.3,58.8829,,1.5544,0.3567
5866.5,2.1175,141.3,57.9253,,1.5705,0.2964
5867.0,2.1213,140.7,59.1951,,1.5974,0.301
5867.5,2.1255,140.4,56.5028,,1.6186,0.2776
5868.0,2.1293,140.85,57.2003,,1.6129,0.2774
5868.5,2.1288,142.2,54.3308,,1.5842,0.2715
5869.0,2.1207,142.3,52.6172,,1.5447,0.291
5869.5,2.1088,142.1,55.9658,,1.506,0.3052
5870.0,2.1008,142.4,57.3765,,1.491,0.3135
5870.5,2.0987,142.0,61.6389,,1.4903,0.3079
5871.0,2.0961,141.4,58.5039,,1.483,0.2973
5871.5,2.088,142.1,59.959,,1.4393,0.2704
5872.0,2.0773,143.25,61.0421,,1.3655,0.2564
5872.5,2.0714,145.0,64.5309,,1.3177,0.2695
5873.0,2.0711,146.4,69.5841,,1.3242,0.3144
5888.5,2.039,166.1,68.0058,,1.6506,0.2811
5889.0,2.0467,163.4,59.6073,,1.6272,0.3127
5889.5,2.0717,161.3,54.7771,,1.5777,0.3268
5890.0,2.0987,158.8,54.41,,1.564,0.3554
5890.5,2.1136,154.3,53.4452,,1.5508,0.2995
5891.0,2.1123,148.05,56.1309,,1.4937,0.3002
5891.5,2.1032,145.9,55.0163,,1.4536,0.3043
5892.0,2.0976,143.7,52.9972,,1.4556,0.3089
5892.5,2.0993,143.3,50.6671,,1.4972,0.3146
5893.0,2.1043,143.3,49.2913,,1.5145,0.3384
5893.5,2.1086,143.9,52.0083,,1.4901,0.3184
5894.0,2.1107,144.5,52.279,,1.4623,0.3095
5894.5,2.1102,145.7,53.3396,,1.4387,0.2957
5895.0,2.108,147.15,53.9656,,1.3966,0.3233
5895.5,2.1034,149.0,58.5964,,1.2988,0.3282
5896.0,2.0951,151.1,71.0287,,1.2552,0.3521
5903.5,2.0374,158.4,73.388,,1.567,0.4219
5904.0,2.0392,157.8,71.1356,,1.6618,0.4355
5904.5,2.0424,157.0,65.6751,,1.5663,0.3785
5905.0,2.0412,156.8,60.7401,,1.3438,0.3848
5905.5,2.0287,156.75,55.9726,,1.1816,0.4604
5906.0,2.0135,156.8,56.7646,,1.0711,0.5798
5906.5,2.0139,157.1,71.4888,,1.0727,0.568
5910.5,2.0449,154.0,73.1301,,1.3231,0.3738
5919.0,2.0272,152.8,67.8643,,1.3384,0.4464
5919.5,2.0337,151.8,63.1796,,1.271,0.4054
5920.0,2.0555,151.0,60.1333,,1.2232,0.378
5920.5,2.0776,149.0,60.0369,,1.2339,0.4081
5921.0,2.0867,148.05,61.5941,,1.2553,0.4598
5921.5,2.0795,148.4,61.1076,,1.2216,0.4115
5922.0,2.0612,149.95,62.2883,,1.1685,0.389
5922.5,2.0407,151.5,65.0784,,1.1994,0.3977
5923.0,2.0302,153.5,69.9998,,1.2779,0.4314
5929.5,2.0715,153.1,68.7976,,1.509,0.4115
5930.0,2.0715,151.75,57.6814,,1.3765,0.4189
5930.5,2.0732,150.3,55.6741,,1.3183,0.4128
5931.0,2.0783,150.25,51.8699,,1.3079,0.3795
5931.5,2.0839,149.8,57.0145,,1.3371,0.3537
5932.0,2.0868,148.8,57.5109,,1.3401,0.3022
5932.5,2.0871,148.25,61.3111,,1.3128,0.3174
5933.0,2.0846,147.4,65.7172,,1.2637,0.3001
5933.5,2.0782,148.35,63.7786,,1.2238,0.3153
5934.0,2.0698,148.8,62.1365,,1.2051,0.3457
5934.5,2.0654,148.7,58.2463,,1.2122,0.4007
5935.0,2.0692,148.3,57.6074,,1.2106,0.4173
5935.5,2.0786,148.2,59.5503,,1.2052,0.4043
5936.0,2.0882,147.5,66.5189,,1.2053,0.367
5946.0,2.0995,155.35,69.5748,,1.7053,0.3792
5946.5,2.098,151.4,61.4382,,1.3981,0.3557
5947.0,2.0988,149.75,53.1997,,1.2252,0.3266
5947.5,2.097,149.0,54.1632,,1.2219,0.315
5948.0,2.0909,148.9,57.1752,,1.1959,0.2952
5948.5,2.0864,149.5,67.1688,,1.1634,0.2966
5953.0,2.0571,157.2,64.8535,,1.3872,0.3921
5953.5,2.0201,156.4,59.0187,,1.1891,0.3628
5954.0,2.0119,156.1,51.4407,,1.1948,0.3714
5954.5,2.0353,155.8,49.1414,,1.2204,0.3668
5955.0,2.0768,154.55,45.905,,1.2684,0.3088
5955.5,2.1164,151.4,47.5964,,1.3202,0.3038
5956.0,2.1384,145.5,49.7705,,1.3556,0.2946
5956.5,2.1384,143.0,52.0182,,1.3836,0.3169
5957.0,2.126,140.5,52.6412,,1.3975,0.3156
5957.5,2.1155,138.9,54.2988,,1.4054,0.3169
5958.0,2.1256,138.4,59.2831,,1.4186,0.3052
5958.5,2.1469,141.25,61.2408,,1.4932,0.3094
5959.0,2.1301,142.6,62.541,,1.6139,0.3271
5959.5,2.0649,144.5,60.2472,,1.6697,0.3667
5960.0,2.0159,144.55,61.4897,,1.6817,0.3133
5960.5,2.0447,142.8,63.9451,,1.6723,0.3246
5961.0,2.1091,141.25,62.3285,,1.6428,0.3071
5961.5,2.1468,142.6,59.6699,,1.5999,0.2878
5962.0,2.1504,141.85,50.3657,,1.5603,0.2892
5962.5,2.1486,142.3,49.3857,,1.547,0.2814
5963.0,2.1433,142.05,50.3831,,1.5031,0.2895
5963.5,2.1288,141.5,53.4898,,1.426,0.3153
5964.0,2.1172,140.1,54.5298,,1.375,0.2963
5964.5,2.1121,139.75,53.3564,,1.4031,0.264
5965.0,2.1102,140.0,47.7963,,1.4567,0.2545
5965.5,2.1106,141.1,44.9921,,1.5014,0.3059
5966.0,2.1135,141.8,40.5633,,1.4845,0.3189
5966.5,2.1151,141.1,45.6415,,1.4058,0.3378
5967.0,2.1135,141.0,45.326,,1.3555,0.3413
5967.5,2.1101,141.1,46.2614,,1.3556,0.3603
5968.0,2.1045,141.3,44.4868,,1.3752,0.3507
5968.5,2.0962,141.7,43.4224,,1.3794,0.3078
5969.0,2.0905,141.65,43.2501,,1.3679,0.3156
5969.5,2.0944,141.2,46.575,,1.3578,0.3174
5970.0,2.1037,141.05,49.2046,,1.3581,0.3212
5970.5,2.1081,141.1,51.3888,,1.3741,0.2988
5971.0,2.1055,140.5,50.9619,,1.3911,0.3072
5971.5,2.1043,140.45,51.3079,,1.3886,0.3243
5972.0,2.1107,140.5,51.8007,,1.3888,0.3501
5972.5,2.1201,140.0,52.3474,,1.3913,0.3178
5973.0,2.1255,140.0,51.2178,,1.3963,0.2978
5973.5,2.127,139.5,52.4381,,1.4037,0.3081
5974.0,2.1282,138.9,52.1836,,1.3802,0.3309
5974.5,2.1321,139.1,57.1419,,1.3057,0.3646
5975.0,2.1374,140.9,65.6033,,1.2167,0.3785
5979.5,2.0716,150.45,73.7098,,1.2811,0.4395
5980.0,2.0675,150.7,67.7786,,1.2603,0.4471
5980.5,2.0608,150.1,67.2402,,1.2007,0.4244
5981.0,2.053,148.6,67.0216,,1.2079,0.4228
5981.5,2.0456,149.4,68.0256,,1.2456,0.4064
5982.0,2.0385,149.8,64.9272,,1.2072,0.4413
5982.5,2.0303,150.6,69.1971,,1.0919,0.4362
6488.5,2.0617,169.0,41.6807,,1.2709,0.4404
6489.0,2.0772,168.8,42.3031,,1.2715,0.4938
6489.5,2.0852,168.7,42.0248,,1.2728,0.5135
6490.0,2.0826,168.9,40.6029,,1.2751,0.5166
6490.5,2.0733,168.35,39.7972,,1.2667,0.5166
6491.0,2.0645,168.15,40.858,,1.2565,0.5166
6491.5,2.0579,167.15,41.7735,,1.25,0.5166
6492.0,2.0518,166.8,39.068,,1.2448,0.5166
6492.5,2.0471,166.25,37.6448,,1.2322,0.5166
6493.0,2.0445,166.3,38.489,,1.2298,0.5166
6493.5,2.043,165.65,41.0889,,1.2327,0.5166
6494.0,2.0446,164.15,41.2389,,1.2362,0.5166
6494.5,2.05,163.25,42.8494,,1.236,0.5166
6495.0,2.0526,163.767,46.0466,,1.223,0.5166
6495.5,2.0512,164.167,47.2032,,1.1953,0.5166
6496.0,2.0593,164.527,47.5046,,1.1943,0.5166
6496.5,2.0831,164.14,43.0199,,1.2486,0.5166
6497.0,2.1018,162.66,40.795,,1.2368,0.5166
6497.5,2.0914,161.943,40.0279,,1.0709,0.5166
6498.0,2.0595,161.783,41.4057,,0.9171,0.5166
6498.5,2.0373,161.38,41.5005,,0.8611,0.5166
6499.0,2.041,162.36,41.4067,,0.8949,0.5166
6499.5,2.0589,165.453,40.4105,,0.994,0.5166
6500.0,2.0752,164.85,46.8108,,1.0679,0.5166
6500.5,2.088,164.85,45.3409,,1.0828,0.5166
6501.0,2.1014,164.85,48.0515,,1.0871,0.5166
6501.5,2.1119,164.85,46.2679,,1.1053,0.5166
6502.0,2.1097,164.85,43.8758,,1.1317,0.5166
6502.5,2.0946,164.85,42.2747,,1.109,0.5166
6503.0,2.0846,164.85,38.3575,,1.0735,0.5166
6503.5,2.0922,164.85,40.2019,,1.0818,0.5166
6504.0,2.1013,164.85,39.2862,,1.151,0.5166
6504.5,2.0898,164.85,40.5152,,1.2423,0.5166
6505.0,2.0653,164.85,42.4933,,1.3038,0.5166
6505.5,2.0523,164.85,45.0211,,1.3474,0.5166
6506.0,2.0576,164.85,46.1367,,1.3751,0.5166
6506.5,2.0697,164.85,44.0998,,1.3823,0.5166
6507.0,2.0785,164.85,41.5354,,1.3727,0.5166
6507.5,2.0776,164.85,38.6084,,1.3729,0.5166
6508.0,2.0671,164.85,38.2318,,1.4103,0.5166
6508.5,2.0579,164.85,38.9485,,1.4684,0.5166
6509.0,2.0655,164.85,41.2352,,1.5008,0.5166
6509.5,2.0935,164.85,39.4304,,1.5195,0.5166
6510.0,2.1309,164.85,37.2217,,1.5366,0.5166
6510.5,2.1621,164.85,37.9958,,1.5853,0.5166
6511.0,2.1688,164.85,41.8891,,1.6749,0.5166
6511.5,2.1424,164.85,45.921,,1.7095,0.5166
6512.0,2.0984,164.85,44.9222,,1.5756,0.5166
6512.5,2.064,164.85,43.3467,,1.4003,0.5166
6513.0,2.0556,164.85,42.2299,,1.2876,0.5166
6513.5,2.0706,164.85,39.9206,,1.2784,0.5166
6514.0,2.0961,164.85,37.3798,,1.3257,0.5166
6514.5,2.1157,164.85,34.2513,,1.4208,0.5166
6515.0,2.121,164.85,34.9724,,1.5453,0.5166
6515.5,2.1185,164.85,37.5321,,1.7061,0.5166
6516.0,2.1188,164.85,41.3081,,1.7993,0.5166
6516.5,2.119,164.85,42.6186,,1.7872,0.5166
6517.0,2.1141,164.85,39.7776,,1.7101,0.5166
6517.5,2.1093,164.85,35.6931,,1.5531,0.5166
6518.0,2.1075,164.85,38.0471,,1.4552,0.5166
6518.5,2.1053,164.85,41.6424,,1.4375,0.5166
6519.0,2.1058,164.85,44.8518,,1.4375,0.5166
6519.5,2.1068,164.85,41.8174,,1.4375,0.5166
6520.0,2.1068,164.85,40.7181,,1.4375,0.5166
6520.5,2.1068,164.85,41.1768,,1.4375,0.5166
6521.0,2.1068,164.85,41.5077,,1.4375,0.5166
6521.5,2.1068,164.85,41.268,,1.4375,0.5166
6522.0,2.1068,164.85,39.4051,,1.4375,0.5166
6522.5,2.1068,164.85,39.3926,,1.4375,0.5166
6523.0,2.1068,164.85,39.4143,,1.4375,0.5166
6523.5,2.1068,164.85,42.9849,,1.4375,0.5166
6524.0,2.1068,164.85,44.2956,,1.4375,0.5166
6524.5,2.1068,164.85,45.7176,,1.4375,0.5166
6525.0,2.1068,164.85,44.5066,,1.4375,0.5166
6525.5,2.1068,164.85,45.6127,,1.4375,0.5166
6526.0,2.1068,164.85,46.354,,1.4375,0.5166
6526.5,2.1068,164.85,46.5657,,1.4375,0.5166
6527.0,2.1068,164.85,45.4921,,1.4375,0.5166
6527.5,2.1068,164.85,43.8562,,1.4375,0.5166
6528.0,2.1068,164.85,41.7993,,1.4375,0.5166
6528.5,2.1068,164.85,39.7384,,1.4375,0.5166
6529.0,2.1068,164.85,39.1768,,1.4375,0.5166
6529.5,2.1068,164.85,40.446,,1.4375,0.5166
6530.0,2.1068,164.85,41.6531,,1.4375,0.5166
6530.5,2.1068,164.85,42.4341,,1.4375,0.5166
6531.0,2.1068,164.85,42.1274,,1.4375,0.5166
6531.5,2.1068,164.85,40.9845,,1.4375,0.5166
6532.0,2.1068,164.85,40.4363,,1.4375,0.5166
6532.5,2.1068,164.85,41.7724,,1.4375,0.5166
6533.0,2.1068,164.85,43.3932,,1.4375,0.5166
6533.5,2.1068,164.85,39.0582,,1.4375,0.5166
6534.0,2.1068,164.85,36.1498,,1.4375,0.5166
6534.5,2.1068,164.85,35.7727,,1.4375,0.5166
6535.0,2.1068,164.85,36.2863,,1.4375,0.5166
6535.5,2.1068,164.85,39.0255,,1.4375,0.5166
6536.0,2.1068,164.85,38.0725,,1.4375,0.5166
6536.5,2.1068,164.85,41.9768,,1.4375,0.5166
6537.0,2.1068,164.85,42.4414,,1.4375,0.5166
6537.5,2.1068,164.85,40.4977,,1.4375,0.5166
6538.0,2.1068,164.85,35.4,,1.4375,0.5166
6538.5,2.1068,164.85,34.4724,,1.4375,0.5166
6539.0,2.1068,164.85,37.7428,,1.4375,0.5166
6539.5,2.1068,164.85,49.1986,,1.4375,0.5166
6540.0,2.2294,197.5,58.1714,,1.1647,0.5823
6540.5,2.1114,188.3,56.3589,,1.0133,0.6859
6541.0,2.0055,181.7,52.6365,,1.0154,0.7212
6541.5,1.9803,166.9,52.254,,1.0183,0.5785
6542.0,1.9818,166.9,54.5692,,1.0227,0.7222
6542.5,1.9702,162.9,57.912,,1.0298,0.6836
6543.0,1.9275,162.9,53.1795,,1.0406,0.7415
6543.5,1.8746,159.8,52.3115,,1.0556,0.7206
6544.0,1.8649,159.8,51.1814,,1.0728,1.1426
6544.5,1.9153,160.0,51.6607,,1.0872,1.2272
6545.0,1.9707,160.0,57.6018,,1.0941,0.9531
6545.5,1.9753,154.2,60.8719,,1.0965,0.7671
6546.0,1.9312,156.9,62.5715,,1.1075,0.8918
6546.5,1.888,183.1,64.7191,,1.1543,0.8497
6547.0,1.8809,179.6,62.6505,,1.2562,0.724
6547.5,1.909,179.9,60.4558,,1.4386,0.655
6548.0,1.9421,166.2,64.7025,,1.6252,0.6635
6548.5,1.9552,170.0,62.8107,,1.6374,0.7394
6549.0,1.9569,170.0,73.808,,1.6446,1.0271
6549.5,1.9535,172.8,67.7189,,1.559,1.2622
6550.5,1.8016,173.5,73.4552,,1.1938,0.9654
6551.0,1.7031,173.5,74.9056,,1.0953,0.9623
6554.0,1.8038,167.7,73.6926,,0.9952,0.643
6554.5,1.8639,166.8,72.2521,,0.9779,0.5933
6555.0,1.8853,165.5,68.9251,,0.9308,0.6295
6555.5,1.8772,162.3,68.3497,,0.8558,0.7653
6561.5,1.6888,166.8,71.2417,,1.2653,0.9127
6562.0,1.626,158.1,67.0664,,1.2448,0.7121
6562.5,1.6046,160.8,68.4226,,1.1944,1.1046
6563.0,1.6185,165.9,72.2874,,1.157,0.926
6564.0,1.6584,165.0,74.0621,,1.1442,0.9722
6564.5,1.7086,168.1,69.0299,,1.1774,0.8602
6565.0,1.7907,163.7,61.4764,,1.1794,1.1339
6565.5,1.8588,157.2,62.7291,,1.1526,1.1799
6566.0,1.8622,158.1,70.2323,,1.1507,0.9635
6570.0,1.5185,156.2,74.2804,,1.0868,0.6403
6571.0,1.4701,158.1,74.3248,,1.1473,0.8098
6576.5,1.859,159.1,74.3295,,0.8222,0.5715
6577.0,2.0234,158.4,72.0819,,0.8532,0.6296
6577.5,2.088,152.0,67.5032,,0.9539,0.9198
6578.0,2.0492,154.8,70.5315,,1.102,1.2256
6578.5,1.9971,154.3,71.1401,,1.1722,1.3175
6657.0,2.1109,156.5,74.6312,,2.6876,0.4703
6657.5,2.1073,150.7,70.3886,,2.4428,0.4471
6658.0,2.1147,143.9,72.2784,,1.6876,0.4782
6665.0,2.2543,140.8,73.9011,,1.6725,0.4107
6672.5,2.2176,134.2,72.8431,,1.467,0.4611
6675.5,2.1803,157.8,63.502,,2.6653,0.3779
6676.0,2.1472,146.9,59.1568,,2.8976,0.3862
6676.5,2.106,148.7,56.4815,,2.9544,0.4155
6677.0,2.0807,148.7,60.8311,,2.6572,0.4174
6677.5,2.0957,137.9,66.2004,,1.928,0.4655
6678.0,2.1478,137.9,73.4073,,1.5255,0.4486
6685.0,2.113,152.5,74.3742,,0.9995,0.7016
6734.5,2.1785,129.6,74.6872,,1.4941,0.4518
6735.5,2.2009,126.7,74.3141,,1.4495,0.4116
6736.0,2.205,135.4,71.8054,,1.4626,0.3571
6736.5,2.1947,136.4,66.6753,,1.681,0.3511
6737.0,2.1788,126.6,57.8596,,2.2541,0.3831
6737.5,2.1704,131.2,49.921,,2.445,0.4002
6738.0,2.1729,129.3,45.3599,,1.8903,0.403
6738.5,2.1829,145.4,44.1212,,1.6435,0.4421
6739.0,2.1982,128.2,54.1101,,1.5352,0.4693
6739.5,2.2126,131.1,62.8481,,1.5007,0.4557
6740.0,2.22,131.1,72.511,,1.594,0.5058
6743.0,2.1658,134.5,74.7197,,1.5883,0.538
6745.0,2.1869,137.3,74.7845,,1.5331,0.4011
6745.5,2.1752,131.7,74.2441,,1.6218,0.3802
6747.0,2.1641,138.7,74.4963,,1.4865,0.4533
6747.5,2.1357,132.4,74.3561,,1.4036,0.482
6779.5,2.1129,156.786,73.6154,,1.4624,0.4436
6786.5,2.1412,156.753,74.3336,,1.3569,0.4485
6806.5,2.1464,156.66,72.9043,,1.3577,0.4219
6807.5,2.1459,156.656,74.5484,,1.3938,0.4226
6809.5,2.1227,156.647,73.3209,,1.4954,0.4977
6820.5,2.1459,156.596,73.9291,,1.3494,0.6192
6821.0,2.1405,156.593,70.1871,,1.3253,0.6483
6830.0,2.1037,156.552,73.8476,,1.2978,0.4725
6830.5,2.091,156.549,70.5331,,1.2393,0.4798
6831.0,2.0919,156.547,71.921,,1.2118,0.4311
6831.5,2.0965,156.545,72.9631,,1.2597,0.3964
6832.5,2.0738,156.54,74.7796,,1.234,0.4027
6833.0,2.0786,156.538,73.9607,,1.2157,0.4578
6833.5,2.0975,156.535,72.9729,,1.2502,0.4849
6834.0,2.1021,156.6,72.353,,1.3156,0.4995
6836.0,2.0595,155.0,73.4365,,1.2085,0.4345
6836.5,2.053,154.0,72.6861,,1.1576,0.4889
6837.0,2.049,154.0,67.4074,,1.2241,0.5431
6837.5,2.0432,152.8,61.1126,,1.3254,0.7231
6838.0,2.0341,149.5,58.6089,,1.1799,0.5499
6838.5,2.0319,144.1,60.7555,,1.0724,0.4772
6839.0,2.0396,146.1,60.334,,1.1369,0.4277
6839.5,2.0448,145.4,59.4491,,1.1798,0.4498
6840.0,2.0434,143.8,60.8925,,1.135,0.5085
6840.5,2.0459,145.3,63.7641,,1.1453,0.4867
6841.0,2.0509,143.0,61.4728,,1.1407,0.4915
6841.5,2.0455,142.8,62.8752,,1.0984,0.4551
6842.0,2.0317,142.3,60.3321,,1.0728,0.4426
6842.5,2.0271,143.6,64.3611,,1.0865,0.4262
6843.0,2.0402,143.9,67.718,,1.0922,0.4248
6843.5,2.0561,143.6,69.8383,,1.1285,0.422
6844.0,2.057,143.6,69.0494,,1.1527,0.4045
6844.5,2.0434,144.8,64.6758,,1.1519,0.356
6845.0,2.029,144.1,61.9676,,1.1562,0.3438
6845.5,2.0223,143.4,61.5828,,1.0994,0.3731
6846.0,2.0236,141.0,66.7347,,1.0522,0.464
6847.5,2.0384,139.8,68.4895,,1.1833,0.5519
6848.0,2.0344,133.5,59.6254,,1.1655,0.4603
6848.5,2.0314,136.1,56.6704,,1.1264,0.3967
6849.0,2.0287,126.1,59.1592,,1.0962,0.4651
6849.5,2.0246,127.7,56.3826,,1.0811,0.482
6850.0,2.0226,130.5,59.4881,,1.0698,0.6218
6850.5,2.0246,133.8,61.5367,,1.0975,0.5847
6851.0,2.0263,134.6,63.6009,,1.1326,0.5523
6851.5,2.0235,137.9,62.3298,,1.0951,0.576
6852.0,2.018,137.9,58.4897,,1.0726,0.4915
6852.5,2.0099,141.3,60.184,,1.1541,0.4923
6853.0,2.0002,141.3,58.6049,,1.1929,0.4337
6853.5,1.9963,144.9,57.6359,,1.1373,0.421
6854.0,2.0031,140.1,53.1416,,1.0971,0.4216
6854.5,2.0152,139.6,45.2676,,1.0752,0.3812
6855.0,2.0251,135.5,42.6155,,1.0789,0.3897
6855.5,2.0381,138.5,40.1047,,1.1013,0.3971
6856.0,2.0631,136.6,42.3106,,1.173,0.454
6856.5,2.0926,129.7,42.765,,1.2769,0.5373
6857.0,2.1071,131.0,48.1065,,1.2106,0.6101
6857.5,2.0987,132.6,50.5534,,1.1166,0.5864
6858.0,2.0798,132.6,54.5214,,1.0941,0.5488
6858.5,2.0634,125.6,52.5802,,1.1602,0.4729
6859.0,2.0526,125.6,56.6581,,1.2066,0.4438
6859.5,2.0476,128.0,51.3502,,1.156,0.4514
6860.0,2.0517,127.4,53.1106,,1.1225,0.4469
6860.5,2.0629,124.8,48.8738,,1.2147,0.5122
6861.0,2.072,126.4,53.1613,,1.3022,0.4807
6861.5,2.0776,129.8,57.4329,,1.2919,0.4272
6862.0,2.0922,131.8,65.3266,,1.3249,0.4649
6862.5,2.128,129.0,73.5127,,1.4926,0.4311
6882.0,2.226,131.4,67.8814,,1.8536,0.5385
6882.5,2.1871,135.2,62.0713,,1.6491,0.4593
6883.0,2.1226,134.8,47.1654,,1.3161,0.5265
6883.5,2.0655,136.2,43.308,,1.1294,0.4747
6884.0,2.0299,136.2,37.9109,,1.0818,0.4902
6884.5,2.0133,136.9,37.4108,,1.0997,0.425
6885.0,2.0209,134.9,33.4429,,1.1147,0.4565
6885.5,2.0487,133.5,29.9579,,1.1562,0.4556
6886.0,2.0707,130.6,26.4968,,1.1942,0.4895
6886.5,2.0699,132.5,27.2804,,1.2047,0.4551
6887.0,2.0581,134.3,28.2533,,1.2203,0.4065
6887.5,2.0571,133.6,28.5505,,1.2898,0.415
6888.0,2.074,131.8,29.6938,,1.4033,0.3703
6888.5,2.1001,130.4,28.638,,1.5084,0.3518
6889.0,2.1276,131.4,28.1405,,1.4672,0.3219
6889.5,2.1487,131.3,27.9081,,1.3616,0.3085
6890.0,2.1507,130.8,28.054,,1.2928,0.3206
6890.5,2.1316,130.0,28.3173,,1.2575,0.3016
6891.0,2.1078,129.8,28.1441,,1.2213,0.2978
6891.5,2.0942,127.2,29.6659,,1.2006,0.3108
6892.0,2.0861,127.5,28.1348,,1.2001,0.3573
6892.5,2.074,130.7,27.4997,,1.1971,0.3804
6893.0,2.0573,128.9,25.2955,,1.1819,0.3616
6893.5,2.0398,130.2,29.8269,,1.1634,0.4036
6894.0,2.0253,128.9,30.4924,,1.1535,0.4015
6894.5,2.0189,130.2,27.7586,,1.1705,0.4387
6895.0,2.0267,129.9,30.12,,1.2062,0.4537
6895.5,2.0492,129.1,29.68,,1.2432,0.4531
6896.0,2.0783,128.1,32.6347,,1.2857,0.444
6896.5,2.103,128.6,28.0383,,1.3269,0.3844
6897.0,2.1193,130.5,28.5637,,1.3513,0.3452
6897.5,2.1261,131.3,27.8713,,1.3458,0.3359
6898.0,2.12,134.0,27.6463,,1.3183,0.3304
6898.5,2.1036,134.4,28.3081,,1.2739,0.3086
6899.0,2.0908,129.5,29.3554,,1.2607,0.3302
6899.5,2.0949,126.9,33.6894,,1.2946,0.3581
6900.0,2.1062,128.1,31.5518,,1.3036,0.4258
6900.5,2.1033,130.1,32.7041,,1.2171,0.5444
6901.0,2.0855,130.1,30.6289,,1.1547,0.7978
6901.5,2.0745,131.5,30.8425,,1.2006,0.8292
6902.0,2.0831,130.5,31.2843,,1.2325,0.6021
6902.5,2.096,131.6,31.5129,,1.2137,0.657
6903.0,2.0935,130.9,31.4253,,1.2053,0.5268
6903.5,2.0767,129.8,31.7882,,1.2128,0.5854
6904.0,2.0605,129.5,32.0037,,1.1854,0.4916
6904.5,2.0533,129.3,33.2045,,1.1492,0.515
6905.0,2.0569,127.7,31.224,,1.1642,0.5158
6905.5,2.0688,122.9,28.4532,,1.2182,0.4706
6906.0,2.0787,125.7,28.5266,,1.2744,0.4809
6906.5,2.0796,124.9,24.367,,1.3499,0.4215
6907.0,2.078,123.2,28.6147,,1.3978,0.4261
6907.5,2.0835,123.3,29.0022,,1.4115,0.4485
6908.0,2.1001,124.6,33.4272,,1.4474,0.4736
6908.5,2.1232,120.0,31.1071,,1.496,0.4893
6909.0,2.1433,124.4,30.442,,1.5133,0.5053
6909.5,2.1522,118.9,31.7511,,1.5022,0.5033
6910.0,2.1483,123.1,33.7029,,1.45,0.4615
6910.5,2.1315,119.9,36.6545,,1.3638,0.4287
6911.0,2.104,119.9,35.8533,,1.2964,0.4327
6911.5,2.0821,119.4,35.1668,,1.2565,0.5402
6912.0,2.0548,122.4,33.1418,,1.2199,0.5037
6912.5,1.9727,122.1,32.8367,,1.1973,0.6264
6913.0,1.8362,128.1,29.2606,,1.1858,0.6646
6913.5,1.7295,127.2,28.3013,,1.1811,0.5927
6914.0,1.7399,127.4,28.2227,,1.1807,0.4452
6914.5,1.8297,123.0,33.0711,,1.1872,0.4369
6915.0,1.9164,125.2,34.9886,,1.1977,0.4764
6915.5,1.9617,129.0,36.9848,,1.2028,0.5402
6916.0,1.9809,128.9,34.1559,,1.1847,0.5081
6916.5,1.9923,131.8,33.3267,,1.1604,0.4332
6917.0,2.0005,128.1,31.504,,1.2035,0.4114
6917.5,2.0058,126.6,34.536,,1.2843,0.4696
6918.0,2.0038,126.3,34.4852,,1.3448,0.5375
6918.5,1.9957,125.2,36.7884,,1.3508,0.6759
6919.0,1.9904,124.8,32.1286,,1.3401,0.6234
6919.5,1.9938,125.2,30.0972,,1.3254,0.4881
6920.0,2.0015,124.6,27.7212,,1.3258,0.4216
6920.5,2.0066,126.8,31.8287,,1.3301,0.4248
6921.0,2.0095,128.2,32.0485,,1.3149,0.4531
6921.5,2.0151,128.0,28.0471,,1.2943,0.5881
6922.0,2.0214,129.5,23.4674,,1.3104,0.5003
6922.5,2.0207,124.0,22.4909,,1.3833,0.5072
6923.0,2.01,124.3,24.3199,,1.4547,0.4722
6923.5,1.9953,124.3,27.0177,,1.5317,0.4726
6924.0,1.9847,123.2,28.6186,,1.6121,0.4452
6924.5,1.9816,124.0,30.5428,,1.6724,0.3937
6925.0,1.9836,124.7,28.8027,,1.6729,0.385
6925.5,1.9856,124.6,26.2701,,1.6117,0.4137
6926.0,1.9835,129.5,26.7932,,1.5294,0.4874
6926.5,1.9773,132.3,28.9662,,1.453,0.527
6927.0,1.9705,134.9,31.9724,,1.4,0.5652
6927.5,1.9686,132.6,32.9675,,1.3631,0.496
6928.0,1.9749,133.1,33.8777,,1.3671,0.4886
6928.5,1.9868,126.5,31.8311,,1.3949,0.4857
6929.0,1.9969,128.1,30.8697,,1.4058,0.4808
6929.5,1.999,120.6,30.1518,,1.4034,0.5034
6930.0,1.9923,126.1,30.1867,,1.3942,0.4461
6930.5,1.9813,126.7,29.7267,,1.3842,0.4872
6931.0,1.9726,124.4,29.101,,1.3664,0.5215
6931.5,1.969,121.7,28.9223,,1.328,0.5355
6932.0,1.9694,124.9,29.8238,,1.2645,0.4976
6932.5,1.9758,112.9,31.784,,1.1988,0.4589
6933.0,1.9859,113.6,32.5441,,1.1417,0.5155
6933.5,1.9892,122.1,32.1274,,1.0791,0.6192
6934.0,1.9816,122.5,33.6404,,1.0138,0.8684
6934.5,1.9722,136.0,35.9019,,0.9852,0.6834
6935.0,1.9727,130.7,35.8725,,0.9929,0.5653
6935.5,1.977,130.7,33.5894,,1.008,0.4581
6936.0,1.9754,130.7,35.217,,1.0324,0.4508
6936.5,1.9693,133.3,36.6252,,1.0651,0.4906
6937.0,1.9672,130.6,36.3831,,1.0933,0.4951
6937.5,1.9736,129.9,33.7739,,1.1117,0.5147
6938.0,1.9859,129.7,34.6372,,1.1245,0.5284
6938.5,1.9992,138.7,33.7077,,1.1401,0.4962
6939.0,2.0093,137.3,36.5934,,1.1489,0.4735
6939.5,2.0139,141.8,33.3381,,1.1361,0.4725
6940.0,2.016,138.1,31.5199,,1.1107,0.5151
6940.5,2.0226,136.5,29.3827,,1.1076,0.5794
6941.0,2.0348,134.0,30.3392,,1.1356,0.5694
6941.5,2.0457,129.8,32.0846,,1.1789,0.4501
6942.0,2.0525,114.6,31.7875,,1.2464,0.3955
6942.5,2.0593,112.5,29.899,,1.3436,0.3476
6943.0,2.0664,112.6,26.606,,1.4467,0.3918
6943.5,2.0686,111.4,24.4229,,1.5475,0.4062
6944.0,2.0628,125.9,24.6541,,1.6318,0.4266
6944.5,2.051,128.7,27.0985,,1.7034,0.4274
6945.0,2.0358,131.0,31.8059,,1.7422,0.4631
6945.5,2.0206,134.9,35.2225,,1.7228,0.4898
6946.0,2.0106,130.4,35.772,,1.674,0.4765
6946.5,2.0083,137.9,36.2203,,1.6499,0.546
6947.0,2.0097,134.6,34.0583,,1.684,0.5718
6947.5,2.0047,134.6,30.5513,,1.7049,0.5273
6948.0,1.9794,131.1,29.9483,,1.6931,0.5225
6948.5,1.9335,136.7,30.8754,,1.7026,0.5535
6949.0,1.8951,132.7,32.6125,,1.7191,0.7308
6949.5,1.8979,135.9,31.7737,,1.7379,0.7324
6950.0,1.9397,129.9,33.1224,,1.7462,0.6533
6950.5,1.9805,132.3,33.4423,,1.6822,0.5513
6951.0,1.9786,122.1,35.4386,,1.5688,0.5224
6951.5,1.9284,128.2,33.3218,,1.4725,0.4625
6952.0,1.8716,181.0,30.3868,,1.3916,0.5007
6952.5,1.8619,181.6,28.047,,1.3437,0.6488
6953.0,1.9057,181.0,28.0822,,1.3546,0.7736
6953.5,1.9632,147.6,27.2813,,1.4063,0.8015
6954.0,1.9972,147.6,26.2376,,1.4659,0.662
6954.5,2.0052,147.6,26.6375,,1.5256,0.6333
6955.0,2.0031,147.6,27.4749,,1.5688,0.5341
6955.5,2.0,147.6,25.7442,,1.5909,0.4987
6956.0,1.9955,147.6,29.6934,,1.5956,0.524
6956.5,1.9905,149.9,33.4381,,1.5959,0.6369
6957.0,1.9966,148.1,38.0432,,1.6,0.8659
6957.5,2.0267,145.1,35.4787,,1.596,0.6727
6958.0,2.0743,145.1,34.003,,1.5721,0.5784
6958.5,2.1188,145.1,34.5723,,1.542,0.4896
6959.0,2.1514,143.9,36.891,,1.5213,0.5851
6959.5,2.1776,143.9,41.6405,,1.4966,0.5422
6960.0,2.1943,144.2,45.6038,,1.4559,0.6
6960.5,2.1865,146.8,47.7653,,1.4176,0.534
6961.0,2.1538,143.1,50.2461,,1.3773,0.5208
6961.5,2.1224,194.8,45.0099,,1.4558,0.4642
6962.0,2.1214,194.8,40.7572,,1.5063,0.4415
6962.5,2.1499,189.1,35.6998,,1.5232,0.4409
6963.0,2.1813,184.5,37.3015,,1.5357,0.423
6963.5,2.1859,192.0,38.4789,,1.4857,0.4798
6964.0,2.154,150.7,41.5159,,1.3395,0.542
6964.5,2.1054,155.3,49.5805,,1.1059,0.6002
6965.0,2.0726,155.3,58.8515,,1.0216,0.4786
6965.5,2.066,154.9,71.5712,,1.0259,0.468
6966.0,2.0718,150.8,73.6842,,1.0352,0.5137
6968.0,2.0791,153.3,74.1251,,0.9013,0.47
6968.5,2.0774,154.1,74.4327,,0.9335,0.5156
6969.5,2.0695,154.6,72.3007,,0.9825,0.7481
6970.0,2.0617,158.1,69.5755,,1.0187,0.573
6970.5,2.0538,158.1,70.9952,,1.043,0.4465
6971.0,2.0522,156.5,74.3795,,1.0384,0.4731
6972.0,2.0737,155.0,72.7112,,0.9957,0.5897
6972.5,2.0838,151.0,72.9935,,0.9965,0.5552
6973.0,2.0867,158.3,72.3024,,0.998,0.5339
6974.0,2.0791,154.2,70.9495,,1.0144,0.6402
6974.5,2.0817,154.2,71.9891,,1.0013,0.5681
6975.0,2.09,154.3,68.1619,,0.988,0.5218
6975.5,2.0906,154.6,70.6034,,0.978,0.4448
6976.0,2.0754,155.2,72.3916,,0.9675,0.6003
6976.5,2.0554,155.2,74.0447,,0.9713,0.6387
6977.0,2.0461,154.1,74.7981,,0.9665,0.8408
6977.5,2.0496,155.7,70.2994,,0.9376,0.7195
6978.0,2.0541,156.5,74.3505,,0.9108,0.8198
6987.5,2.1073,149.8,70.8746,,0.8958,0.4877
6988.0,2.0985,151.5,71.5007,,0.8856,0.5785
6990.0,2.0444,156.2,72.5162,,0.8571,0.5099
6990.5,2.0373,156.4,68.0901,,0.8663,0.5432
6992.5,2.0677,155.5,74.5219,,0.882,0.6707
6995.0,2.0489,156.2,73.4556,,0.9001,0.5157
6995.5,2.0498,154.8,72.2451,,0.8722,0.5003
6997.0,2.0408,155.5,71.6386,,0.8892,0.6071
6997.5,2.0312,155.1,73.7902,,0.9207,0.7013
7024.0,2.0865,154.1,72.75,,0.9586,0.636
7025.0,2.0713,153.1,74.5886,,0.9761,0.6815
7033.5,2.1081,160.9,74.4039,,0.9161,0.55
7034.0,2.1096,161.5,74.7583,,0.8974,0.5776
7037.0,2.1115,153.7,74.8183,,0.9233,0.819
7037.5,2.1103,153.6,69.1374,,0.9517,0.7234
7038.0,2.1172,153.6,61.0183,,1.0387,0.481
7038.5,2.1295,153.9,53.5693,,1.237,0.3837
7039.0,2.1373,154.2,51.8646,,1.2405,0.3716
7039.5,2.1331,154.2,56.5157,,1.0504,0.4024
7040.0,2.1188,155.1,66.4255,,0.9501,0.4755
7041.0,2.0924,160.6,74.4916,,0.8872,0.826
7041.5,2.0865,159.6,74.3934,,0.8691,0.8307
7042.0,2.081,159.8,73.6706,,0.861,0.8177
7042.5,2.0748,156.4,73.8372,,0.868,0.6765
7043.0,2.0689,156.2,73.3127,,0.8885,0.6216
7043.5,2.0622,156.2,72.8982,,0.9044,0.6752
7053.5,2.0565,152.4,74.3968,,0.9234,0.7686
7054.0,2.0552,152.2,67.8247,,0.9321,0.7521
7054.5,2.0481,153.6,69.6043,,0.9277,0.6262
7055.0,2.0388,153.3,73.6731,,0.9031,0.676
7058.5,2.0887,152.6,73.0086,,0.9088,0.5649
7059.0,2.0901,152.6,67.6775,,0.9115,0.6528
7059.5,2.0873,152.0,59.8459,,0.9191,0.7178
7060.0,2.0814,152.0,60.1138,,0.9272,0.5371
7060.5,2.079,152.8,64.2384,,0.9446,0.6047
7061.0,2.0878,153.4,74.888,,0.9585,0.4859
7063.0,2.1063,152.2,72.4984,,0.9351,0.5592
7063.5,2.115,151.5,72.9244,,0.9396,0.459
7064.0,2.1208,152.1,73.1568,,0.9408,0.5756
7064.5,2.1173,151.7,74.237,,0.9392,0.6097
7065.0,2.1115,151.7,74.9302,,0.9355,0.6117
7065.5,2.1106,151.2,73.928,,0.9371,0.5126
7066.0,2.1129,149.8,72.1227,,0.944,0.5261
7066.5,2.1149,150.0,69.8507,,0.9519,0.5242
7068.0,2.126,151.0,73.0671,,0.933,0.5612
7068.5,2.1303,151.6,67.8805,,0.9307,0.5898
7069.0,2.1332,150.0,70.3378,,0.9411,0.7328
7069.5,2.1334,151.0,71.414,,0.9591,0.8645
7072.5,2.1224,150.8,73.7584,,0.9302,0.6729
7073.0,2.1188,151.0,74.5099,,0.9197,0.6554
7076.5,2.1237,146.9,72.8748,,0.9448,1.0739
7077.0,2.1209,148.2,73.8093,,0.9407,0.7432
7077.5,2.1112,149.5,74.5227,,0.9373,0.7435
7078.0,2.0993,151.1,74.7172,,0.9375,0.664
7078.5,2.0894,151.9,73.8652,,0.9364,0.6827
7080.0,2.1101,151.9,70.9722,,0.9354,0.7303
7080.5,2.1215,151.9,71.1373,,0.9425,0.5916
7093.0,2.0922,151.4,74.2272,,0.9379,0.5775
7093.5,2.0962,152.6,72.5,,0.9205,0.5961
7094.0,2.0961,151.1,70.6416,,0.9069,0.5922
7094.5,2.0973,151.8,72.9924,,0.9024,0.6378
7108.5,2.0998,150.7,71.2195,,0.9653,0.8386
7109.0,2.0922,150.7,68.4255,,0.9842,0.7424
7109.5,2.0841,151.8,71.2186,,0.9526,0.6252
7110.0,2.0809,152.0,74.2373,,0.9202,0.7309
7112.0,2.0915,151.0,72.1016,,0.9517,0.473
7122.0,2.1451,148.3,73.2757,,0.964,0.6205
7128.0,2.1074,149.7,74.3455,,0.96,1.0266
7142.0,2.1573,148.3,74.7457,,0.928,0.6518
7142.5,2.1448,149.3,71.4952,,0.9672,0.7781
7143.0,2.1259,147.9,69.8175,,1.0385,0.747
7213.0,2.275,138.8,72.4996,,1.7559,0.4565
7213.5,2.2852,143.9,73.1764,,1.8687,0.4438
7214.0,2.2869,143.9,71.5401,,1.9721,0.4301
7216.5,2.3049,73.9,72.2185,,2.1465,0.3954
7217.0,2.31,73.9,67.3869,,2.174,0.3789
7217.5,2.3182,73.9,72.1763,,2.2064,0.3475
7218.0,2.3251,73.9,74.5465,,2.226,0.3538
7218.5,2.3265,73.9,74.8972,,2.265,0.3646
7219.0,2.323,65.5,69.7729,,2.4018,0.3716
7219.5,2.3169,65.5,65.458,,2.5955,0.3845
7220.0,2.3058,134.3,58.8481,,2.589,0.3431
7220.5,2.283,134.3,52.9609,,2.4925,0.3529
7221.0,2.2452,134.3,43.4493,,2.4525,0.3643
7221.5,2.2035,140.5,43.5876,,2.461,0.3804
7222.0,2.1867,140.5,46.3818,,2.5092,0.3802
7222.5,2.2182,141.7,53.9095,,2.5623,0.3639
7223.0,2.2841,143.2,58.9378,,2.6118,0.3468
7223.5,2.3413,159.7,55.9356,,2.6351,0.3247
7224.0,2.3607,159.7,55.4765,,2.65,0.3184
7224.5,2.3521,157.5,54.9834,,2.6524,0.3316
7225.0,2.3415,157.5,56.0693,,2.6383,0.3888
7225.5,2.3389,157.5,57.4101,,2.6224,0.4021
7226.0,2.3385,157.5,56.9741,,2.6013,0.3928
7226.5,2.3384,157.5,63.526,,2.5743,0.3068
7227.0,2.339,151.5,67.6069,,2.4603,0.3178
7227.5,2.3273,151.5,70.3995,,2.0518,0.3232
7228.0,2.2911,149.2,71.221,,1.4169,0.3886
7255.5,2.1292,149.3,73.4807,,0.9494,0.653
7256.0,2.1234,149.6,71.1139,,0.9539,0.5598
7256.5,2.1246,149.2,73.1803,,0.9633,0.519
7269.5,2.1469,149.2,72.7585,,0.8811,0.6928
7273.0,2.124,147.6,72.8782,,0.9177,0.6157
7273.5,2.1344,147.3,70.3588,,0.9289,0.6285
7274.5,2.1514,149.1,74.9665,,0.9355,0.5435
7287.0,2.1339,149.5,73.0734,,0.8767,0.8903
7287.5,2.1396,148.7,74.6966,,0.8817,0.5926
7288.5,2.143,147.3,74.4935,,0.8967,0.571
7386.5,2.1678,149.4,74.2853,,0.9199,0.4888
7391.5,2.1605,145.9,73.3689,,0.9322,0.5255
7397.5,2.179,145.0,74.1377,,0.9454,0.426
7398.0,2.1788,140.8,71.7156,,0.936,0.5393
7427.5,2.1812,137.4,67.3485,,1.3972,0.4243
7428.0,2.1651,133.3,58.6733,,1.4373,0.356
7428.5,2.1662,133.2,53.3335,,1.3145,0.3822
7429.0,2.1733,138.9,58.1754,,1.2058,0.3963
7429.5,2.155,126.2,60.2117,,1.1221,0.4415
7430.0,2.1064,126.2,64.1506,,0.9149,0.3697
7430.5,2.073,133.9,62.2321,,0.752,0.4176
7431.0,2.1025,135.8,72.8623,,0.8171,0.4397
7453.5,2.165,140.1,74.8847,,0.9286,0.5629
7456.5,2.1742,144.5,74.4602,,0.9775,0.4877
7460.0,2.1727,143.8,74.5234,,0.9987,0.4878
7469.5,2.1714,144.2,71.422,,0.9958,0.4706
7470.0,2.169,143.8,71.0222,,1.0158,0.545
7471.5,2.1721,145.1,74.0048,,0.9695,0.6298
7491.5,2.1653,146.1,74.3546,,0.9547,0.6384
7513.0,2.1587,146.8,74.5809,,0.9479,0.58
7578.0,2.2655,129.2,70.5702,,1.3989,0.532
7578.5,2.2857,125.1,72.5304,,1.5675,0.4133
7579.0,2.297,125.7,69.8387,,1.5848,0.3868
7579.5,2.2945,130.9,69.6465,,1.3129,0.4323
7580.0,2.2736,139.1,73.4994,,1.075,0.6408
7702.5,2.1629,144.3,74.6466,,0.934,1.087
7706.0,2.1772,142.0,73.8738,,0.933,0.6277
7708.5,2.1676,143.0,73.2135,,0.9164,0.5991
7709.0,2.1756,143.5,71.7197,,0.9102,0.6535
7709.5,2.1801,142.5,74.635,,0.9112,0.6001
7710.0,2.1772,142.9,72.8917,,0.9111,0.5859
7710.5,2.1724,142.3,71.2927,,0.912,0.5118
7711.0,2.171,142.9,68.088,,0.9161,0.5272
7711.5,2.1721,142.8,70.897,,0.9193,0.4965
7712.0,2.1726,144.8,74.1126,,0.9138,0.4911
7765.5,2.2068,146.4,74.2914,,0.8573,0.7138
7789.0,2.2434,135.2,69.6022,,1.3784,0.4526
7789.5,2.1686,130.8,52.7567,,1.2532,0.3919
7790.0,2.1026,135.1,43.6439,,1.1053,0.3554
7790.5,2.0786,142.7,38.032,,1.0609,0.3779
7791.0,2.0907,138.0,37.0318,,1.068,0.4142
7791.5,2.1121,134.7,36.2483,,1.1027,0.4359
7792.0,2.1304,138.4,35.7009,,1.1456,0.4309
7792.5,2.1483,138.4,37.2117,,1.1983,0.4537
7793.0,2.1577,136.0,38.2149,,1.2406,0.5368
7793.5,2.1473,136.0,41.2495,,1.2277,0.6066
7794.0,2.125,128.7,41.9923,,1.22,0.5212
7794.5,2.112,130.0,37.9215,,1.214,0.5345
7795.0,2.1112,130.6,32.5098,,1.1814,0.5769
7795.5,2.1102,130.6,31.9702,,1.1537,0.4222
7796.0,2.1058,133.4,36.7443,,1.1473,0.3935
7796.5,2.0986,135.5,37.5341,,1.1309,0.3752
7797.0,2.0824,135.3,37.2079,,1.1411,0.436
7797.5,2.0639,133.1,34.6898,,1.1736,0.5001
7798.0,2.0668,131.3,34.0582,,1.1886,0.4919
7798.5,2.0863,130.2,34.5873,,1.1608,0.4576
7799.0,2.0958,130.2,34.907,,1.1308,0.4266
7799.5,2.0889,133.7,36.0487,,1.1314,0.4119
7800.0,2.0841,113.9,35.8412,,1.1266,0.4337
7800.5,2.0871,112.5,41.5178,,1.1225,0.4243
7801.0,2.0808,113.8,47.2969,,1.1473,0.5223
7801.5,2.0735,118.9,58.7433,,1.2268,0.4896
7802.0,2.1095,118.2,69.4311,,1.431,0.5089
7805.0,2.2153,131.9,65.7696,,1.243,0.348
7805.5,2.1401,133.1,53.0537,,1.217,0.3735
7806.0,2.0929,129.6,42.8147,,1.1915,0.4001
7806.5,2.086,133.2,37.3961,,1.1953,0.4023
7807.0,2.0979,132.2,37.2587,,1.1967,0.382
7807.5,2.1014,135.8,48.2133,,1.2064,0.3698
7808.0,2.0939,132.5,56.1999,,1.2162,0.4472
7808.5,2.097,132.2,64.025,,1.2382,0.4873
7809.0,2.1246,130.6,64.4823,,1.2809,0.3591
7809.5,2.1585,132.3,60.0695,,1.2724,0.3465
7810.0,2.1602,133.9,56.656,,1.2051,0.3776
7810.5,2.1165,133.9,50.3515,,1.1591,0.4765
7811.0,2.0626,137.1,50.1418,,1.1345,0.4976
7811.5,2.04,137.0,47.9974,,1.1039,0.4856
7812.0,2.0494,133.9,51.7964,,1.0791,0.4512
7812.5,2.0656,120.6,52.3732,,1.0992,0.5571
7813.0,2.0741,130.0,56.0651,,1.1286,0.5783
7813.5,2.0768,135.1,59.7212,,1.153,0.5534
7814.0,2.0812,132.2,61.5198,,1.15,0.5636
7814.5,2.0973,132.2,66.2117,,1.1646,0.6591
7815.0,2.128,124.7,71.4837,,1.2682,0.8389
7831.0,2.228,151.8,73.988,,2.1098,0.3156
7831.5,2.1446,144.3,63.8315,,3.3618,0.3101
7832.0,2.0292,150.8,52.4433,,3.2913,0.3706
7832.5,1.9591,155.9,54.8728,,2.1336,0.3982
7833.0,1.9997,155.9,63.1728,,1.1133,0.4698
7833.5,2.0975,146.9,68.9003,,0.8735,0.5197
7834.0,2.147,146.1,71.5637,,1.1029,0.6797
7834.5,2.1263,150.9,69.9508,,1.2046,0.6868
7835.0,2.1014,148.8,74.6917,,1.1195,0.6341
7839.5,2.1527,138.7,67.9098,,1.1828,0.5306
7840.0,2.1006,139.5,61.9653,,1.1868,0.4207
7840.5,2.0754,137.5,59.8972,,1.2239,0.3595
7841.0,2.0959,139.1,67.2231,,1.2004,0.4063
7841.5,2.1489,134.4,72.1089,,1.1366,0.5724
8103.5,2.1759,134.0,74.2679,,1.168,0.4122
8104.0,2.1473,131.1,71.8986,,1.1547,0.4712
8104.5,2.1119,131.6,72.7003,,1.1418,0.4681
8111.5,2.1044,128.2,64.8441,,2.0046,0.4874
8112.0,1.9677,128.2,56.3429,,2.6063,0.565
8112.5,1.8565,127.1,62.5449,,2.0838,0.6485
8113.0,1.8989,127.1,70.1943,,1.526,0.6657
8116.5,2.1175,122.5,67.7947,,1.2167,0.5281
8117.0,2.0806,117.8,56.1362,,1.2367,0.5508
8117.5,2.0489,120.5,52.5474,,1.3199,0.4931
8118.0,2.0429,124.0,47.037,,1.5492,0.4115
8118.5,2.0885,124.0,46.6216,,1.8422,0.3708
8119.0,2.177,121.8,42.1597,,1.9845,0.3351
8119.5,2.2523,121.8,39.9314,,1.9375,0.3607
8120.0,2.2827,103.7,41.3194,,1.8699,0.3564
8120.5,2.2734,103.7,42.244,,1.8347,0.3878
8121.0,2.226,112.4,42.7491,,1.759,0.414
8121.5,2.1509,122.0,51.5483,,1.6008,0.4943
8122.0,2.1116,116.7,72.2463,,1.4505,0.5774
8123.0,2.2365,111.7,72.3157,,1.3586,0.4414
8123.5,2.2554,117.0,61.1043,,1.6162,0.3943
8124.0,2.2204,116.3,58.739,,1.6898,0.4657
8124.5,2.185,120.7,64.0167,,1.4274,0.4855
8125.0,2.1482,121.7,61.8324,,1.2883,0.5531
8125.5,2.094,123.6,59.1699,,1.205,0.5148
8126.0,2.0428,127.3,54.9141,,1.1487,0.5264
8126.5,2.0294,125.8,50.4551,,1.1627,0.4569
8127.0,2.0484,121.1,53.0604,,1.1963,0.429
8127.5,2.0672,122.1,51.6251,,1.1812,0.467
8128.0,2.0801,119.7,52.3158,,1.2886,0.432
8128.5,2.1115,119.6,50.0056,,1.5313,0.4004
8129.0,2.1714,117.5,47.0792,,1.7542,0.3387
8129.5,2.2239,116.2,45.3306,,1.8508,0.3215
8130.0,2.2272,121.3,43.0784,,1.6856,0.3363
8130.5,2.1775,121.3,46.2487,,1.412,0.3511
8131.0,2.1179,130.7,46.8638,,1.3394,0.395
8131.5,2.0961,124.0,42.7513,,1.4898,0.4528
8132.0,2.1236,116.6,36.1735,,1.6863,0.3629
8132.5,2.1776,116.6,30.8199,,1.7632,0.3688
8133.0,2.232,113.3,29.2989,,1.8643,0.2839
8133.5,2.2715,117.5,30.0552,,1.9376,0.3133
8134.0,2.2803,125.4,30.2139,,1.921,0.3016
8134.5,2.25,125.4,38.9865,,1.8514,0.336
8135.0,2.1925,124.2,46.5081,,1.6074,0.3925
8135.5,2.1419,123.1,60.7589,,1.3575,0.4265
8136.0,2.1251,127.4,60.6841,,1.3149,0.3833
8136.5,2.1328,121.2,53.2858,,1.294,0.3669
8137.0,2.1338,129.0,45.7588,,1.2594,0.3195
8137.5,2.1278,110.3,42.7773,,1.3592,0.3213
8138.0,2.1519,110.3,46.7634,,1.7144,0.3261
8138.5,2.2126,51.2,50.4842,,1.9917,0.3002
8139.0,2.2549,59.2,51.9003,,1.7939,0.2564
8139.5,2.2457,60.0,48.5377,,1.7301,0.2535
8140.0,2.2165,129.1,41.4102,,1.8954,0.2638
8140.5,2.2149,130.4,36.8276,,1.9268,0.254
8141.0,2.2449,134.1,35.1987,,1.993,0.2596
8141.5,2.2867,130.0,36.1645,,2.1498,0.2726
8142.0,2.3139,130.0,40.2743,,1.9912,0.2726
8142.5,2.3125,130.0,46.593,,2.0064,0.2688
8143.0,2.2919,130.0,47.1755,,2.3875,0.3128
8143.5,2.2722,131.0,42.7624,,2.4421,0.3839
8144.0,2.2611,131.0,40.8035,,1.9984,0.4261
8144.5,2.2602,135.3,40.108,,1.7872,0.4495
8145.0,2.2721,127.4,37.1089,,1.7257,0.4122
8145.5,2.2915,127.4,36.9423,,1.7292,0.3531
8146.0,2.2971,121.2,38.3286,,1.8021,0.3276
8146.5,2.2759,121.2,37.9204,,1.9009,0.3419
8147.0,2.2549,109.6,34.7282,,1.8129,0.3512
8147.5,2.2738,118.2,36.8522,,1.542,0.3346
8148.0,2.2978,122.6,39.738,,1.0478,0.3324
8148.5,2.2639,122.6,52.0498,,0.537,0.3443
8149.0,2.1944,122.6,62.0121,,0.4166,0.4012
8149.5,2.1767,198.4,72.8864,,0.5633,0.5189
8165.5,2.2112,135.4,74.9703,,1.0164,0.7421
8201.5,2.2,136.1,66.9659,,1.2602,0.4505
8202.0,2.1919,134.6,70.3771,,1.1338,0.3877
8300.0,2.2026,146.5,72.9544,,1.2284,0.5204
8300.5,2.085,143.1,64.6809,,1.8183,0.4224
8301.0,1.9734,139.4,58.522,,2.1626,0.3486
8301.5,1.9063,147.9,53.4576,,2.4901,0.3302
8302.0,1.8733,136.5,48.8475,,2.4171,0.3543
8302.5,1.8804,133.2,55.6966,,1.7772,0.419
8303.0,1.9631,134.6,62.9931,,1.2831,0.45
8318.5,2.2049,137.2,73.142,,0.9341,0.6393
8320.5,2.2297,136.7,70.8907,,0.9409,0.8848
8390.0,2.2428,137.2,74.3652,,0.9366,0.7076
8411.5,2.2034,138.8,74.65,,0.8131,0.5546
8412.0,2.1737,138.7,72.6632,,0.8044,0.6788
8412.5,2.1752,135.7,70.221,,0.827,0.545
8435.5,2.2067,139.7,72.698,,0.7754,0.5204
8436.0,2.2048,140.1,70.5465,,0.7639,0.5754
8441.5,2.2134,142.9,74.0042,,0.7841,0.6185
8442.0,2.2111,138.6,74.2585,,0.7764,0.5873
8522.5,2.2106,136.8,70.9297,,0.8333,0.5914
8523.0,2.212,136.1,67.5023,,0.8526,0.565
8523.5,2.2116,138.7,65.6037,,0.8411,0.478
8524.0,2.21,139.7,65.3961,,0.8079,0.4782
8524.5,2.2048,141.4,68.0918,,0.7869,0.5473
8525.0,2.1952,138.9,70.795,,0.7863,0.668
8527.5,2.1936,143.5,74.2172,,0.795,0.6136
8528.0,2.1874,141.5,70.4106,,0.7921,0.6771
8528.5,2.181,140.6,74.7391,,0.7878,0.5253
8538.0,2.2004,137.4,73.5886,,0.7593,1.2214
8587.5,2.2037,139.4,74.9652,,0.8155,0.6208
8595.0,2.1877,136.4,74.4958,,0.8077,0.6106
8595.5,2.187,138.4,74.2324,,0.8074,0.6747
8600.0,2.1788,138.5,71.4349,,0.8016,0.5194
8600.5,2.1848,138.5,68.5906,,0.8027,0.4704
8601.0,2.1872,139.4,71.3416,,0.7954,0.4641
8601.5,2.1867,140.3,73.2787,,0.7955,0.624
8617.5,2.2096,139.2,73.8048,,0.8141,0.5308
8621.0,2.1986,143.5,74.9836,,0.7259,0.4536
8621.5,2.1914,142.4,70.9528,,0.7052,0.4174
8622.0,2.1853,140.9,70.6696,,0.6953,0.4313
8622.5,2.1826,142.1,72.351,,0.6957,0.4754
8623.0,2.1827,137.2,74.5142,,0.7034,0.4864
8626.5,2.1544,141.9,71.6181,,0.742,0.7198
8627.0,2.1481,146.4,73.6919,,0.7329,0.7585
8629.0,2.1628,144.9,72.9247,,0.7392,0.5883
8629.5,2.1558,143.2,72.5106,,0.7466,0.6983
8630.0,2.1501,142.9,71.4088,,0.7496,0.7727
8630.5,2.1462,140.8,67.7124,,0.7523,0.566
8631.0,2.165,140.8,59.5978,,0.7619,0.4606
8631.5,2.2132,138.9,63.5052,,0.7507,0.4627
8632.0,2.2525,140.8,70.0527,,0.7425,0.4925
8645.5,2.2637,136.7,74.9761,,0.7506,0.5675
8660.0,2.2595,137.5,71.1213,,0.8393,0.5202
8745.5,2.213,140.0,74.717,,0.8313,0.6986
9230.5,2.3622,111.9,70.8871,,1.3066,0.4446
9231.0,2.3498,113.4,71.6686,,1.3051,0.4774
9233.0,2.3295,112.8,74.2786,,1.3205,0.5812
9233.5,2.3392,113.4,74.9281,,1.3316,0.6206
9266.5,2.1804,135.7,73.6322,,2.2737,0.5412
9267.0,2.1598,134.0,62.8915,,2.9472,0.5745
9267.5,2.1337,136.7,56.7985,,4.2323,0.8005
9268.0,2.1111,134.4,57.1998,,3.9621,0.633
9268.5,2.1348,124.6,62.7369,,2.308,0.5982
9269.0,2.2134,118.7,72.7666,,1.6023,0.5474
9271.0,2.1639,126.0,72.9001,,2.1268,0.7879
9275.0,2.1993,121.1,74.958,,1.6647,0.4069
9339.5,2.1006,136.9,72.5787,,9.2716,0.4319
9340.0,2.057,132.3,74.5241,,15.9593,0.4755
9340.5,2.0183,130.6,73.5955,,21.115,0.4347
9341.0,1.9994,130.6,72.8122,,17.742,0.436
9341.5,2.0147,132.9,73.0257,,9.5326,0.4091
9342.0,2.0475,137.9,71.549,,5.6445,0.4322
9342.5,2.0553,135.2,69.8135,,7.9926,0.4183
9343.0,2.0239,134.1,68.7141,,14.5139,0.4743
9343.5,1.9892,129.8,68.9736,,17.7927,0.519
9344.0,1.9958,126.7,71.5079,,13.6087,0.5293
9344.5,2.0426,123.4,73.2225,,7.3134,0.5123
9345.5,2.0965,126.2,73.0842,,3.7921,0.4519
9346.0,2.0599,129.3,68.3227,,6.9405,0.4545
9346.5,2.0078,133.8,62.362,,12.5807,0.4417
9347.0,1.9703,133.6,54.2744,,20.5772,0.4541
9347.5,1.9524,131.9,50.4443,,41.2531,0.4472
9348.0,1.9432,134.9,45.1657,,86.41,0.4676
9348.5,1.937,138.0,45.5924,,269.716,0.4577
9349.0,1.9358,138.8,41.9445,,446.263,0.4279
9349.5,1.9393,131.3,44.0904,,303.462,0.4131
9350.0,1.9416,130.2,40.2936,,209.37,0.4254
9350.5,1.9398,130.7,41.5494,,183.46,0.4413
9351.0,1.938,132.8,41.48,,204.148,0.4821
9351.5,1.9404,128.4,41.3651,,260.965,0.5062
9352.0,1.9449,126.6,42.4941,,278.746,0.4927
9352.5,1.9469,125.8,42.7944,,192.191,0.443
9353.0,1.9491,120.1,43.6549,,112.335,0.3913
9353.5,1.959,121.0,39.4049,,80.1297,0.3845
9354.0,1.9742,118.2,36.5667,,76.2573,0.3918
9354.5,1.9845,119.9,35.1916,,93.9757,0.4
9355.0,1.9866,121.7,35.5123,,87.069,0.3982
9355.5,1.9901,124.7,37.3448,,40.2525,0.4233
9356.0,2.0153,122.9,42.0214,,14.0874,0.4274
9356.5,2.0838,119.2,53.4969,,5.4981,0.4251
9357.0,2.1832,117.5,67.9508,,2.438,0.3955
9357.5,2.2469,119.1,73.9118,,2.1039,0.3648
9358.0,2.2169,123.6,66.6613,,3.8267,0.3452
9358.5,2.116,125.7,55.7867,,8.8152,0.3212
9359.0,2.0289,126.9,48.8378,,20.5536,0.3411
9359.5,2.0016,127.1,44.2304,,45.5383,0.3889
9360.0,2.008,126.5,39.9662,,169.026,0.384
9360.5,2.0106,128.0,36.2719,,1081.7,0.3769
9361.0,2.0038,129.6,34.5027,,1621.52,0.385
9361.5,1.9999,129.7,36.7148,,1771.4,0.3983
9362.0,2.0009,129.7,36.6709,,1943.03,0.4078
9362.5,2.0021,129.7,35.2966,,1950.0,0.371
9363.0,2.0059,131.3,34.5695,,1950.0,0.3651
9363.5,2.0173,130.8,36.2497,,1950.0,0.3985
9364.0,2.0349,127.9,34.9902,,1950.0,0.4003
9364.5,2.0509,130.3,34.4596,,1950.0,0.4104
9365.0,2.0584,128.3,33.6617,,1950.0,0.4037
9365.5,2.057,128.2,34.0426,,1950.0,0.3959
9366.0,2.0534,128.5,33.2633,,1943.25,0.3662
9366.5,2.0574,121.3,32.4922,,1925.45,0.3209
9367.0,2.0715,121.2,33.3885,,1247.49,0.3086
9367.5,2.0885,122.8,35.0519,,200.549,0.309
9368.0,2.1001,122.7,38.4277,,48.8859,0.3235
9368.5,2.1073,125.4,42.9629,,15.5687,0.3509
9369.0,2.1222,127.0,52.2517,,4.5214,0.3605
9369.5,2.1568,127.0,66.9432,,2.2933,0.3338
9374.5,2.2413,119.8,73.126,,3.8885,0.449
9375.0,2.2282,121.4,66.7444,,8.904,0.4056
9375.5,2.2006,125.1,56.9879,,21.2888,0.3536
9376.0,2.1686,123.9,50.6263,,38.5228,0.3318
9376.5,2.1525,128.0,47.1304,,27.9823,0.298
9377.0,2.161,129.1,48.7923,,8.1376,0.3265
9377.5,2.1822,131.0,57.1672,,2.7392,0.3357
9378.0,2.2039,133.1,68.5588,,1.3704,0.4082
9550.0,2.3245,118.7,66.1056,,1.1452,0.4221
9550.5,2.2685,119.5,45.8125,,2.2199,0.3368
9551.0,2.1994,114.7,35.1143,,5.3399,0.3165
9551.5,2.1431,113.4,35.1055,,13.4057,0.342
9552.0,2.1134,114.4,38.7771,,25.8126,0.3474
9552.5,2.1064,115.6,42.2366,,27.5259,0.3591
9553.0,2.1101,119.0,41.0688,,17.0683,0.366
9553.5,2.1114,121.1,42.7749,,10.1813,0.3695
9554.0,2.1016,119.8,45.2175,,7.8355,0.3699
9554.5,2.0877,118.9,50.2482,,7.7116,0.3781
9555.0,2.0952,118.6,56.8534,,6.341,0.4083
9555.5,2.1464,121.4,65.4676,,3.4699,0.4122
9558.0,2.2149,115.3,61.2101,,3.422,0.3575
9558.5,2.1632,115.8,47.6503,,7.538,0.3603
9559.0,2.1284,119.0,37.1852,,18.1502,0.3518
9559.5,2.1115,119.0,34.7917,,46.4405,0.3948
9560.0,2.104,119.8,34.2311,,133.807,0.3916
9560.5,2.097,120.3,37.0179,,178.238,0.3901
9561.0,2.088,122.0,37.9911,,105.307,0.3801
9561.5,2.0793,122.0,39.6073,,70.9491,0.3537
9562.0,2.0726,121.2,38.6027,,52.5328,0.3524
9562.5,2.07,120.5,39.843,,44.0205,0.3533
9563.0,2.0729,119.8,39.7485,,44.9422,0.3348
9563.5,2.0789,119.3,39.693,,57.2389,0.2991
9564.0,2.0865,118.5,39.5339,,70.9247,0.2741
9564.5,2.0968,118.1,38.8969,,56.1182,0.2643
9565.0,2.1044,118.0,40.7191,,31.7345,0.2679
9565.5,2.0984,120.7,44.0862,,20.3204,0.2589
9566.0,2.0818,121.1,45.0053,,17.9781,0.264
9566.5,2.0793,129.4,44.998,,20.1999,0.263
9567.0,2.1123,129.5,52.5648,,25.0984,0.3267
9567.5,2.1717,130.2,66.9798,,15.979,0.4078
